Wavelength_(nm),Intensity270_(Counts),Intensity250_(Counts),Intensity230_(Counts),Intensity210_(Counts),Intensity190_(Counts),Intensity170_(Counts)
187.928,1.78,6.3,5.92,2.16,3.43,-2.79
188.405,1.78,6.3,5.92,2.16,3.43,-2.79
188.882,1.78,6.3,5.92,2.16,3.43,-2.79
189.359,-0.02,1.3,0.52,0.36,-1.87,-2.89
189.835,-1.02,-5.1,0.42,0.06,-4.37,-2.19
190.312,0.58,3.3,1.62,-0.54,2.53,3.81
190.789,7.18,10.7,3.22,5.16,0.63,7.01
191.265,-0.32,1.7,3.22,3.96,4.93,4.71
191.742,-4.82,-6.8,0.52,-1.74,2.13,1.61
192.219,-0.92,-0.7,-3.28,-1.74,-4.67,-2.49
192.695,-0.32,5.5,-4.38,-1.24,-0.57,-1.79
193.172,-0.82,-0.8,-2.18,0.86,1.53,-0.19
193.648,1.38,-3.3,1.32,5.16,-0.57,0.91
194.125,0.48,-2.8,-0.58,-4.04,-2.17,-5.29
194.601,2.78,-0.2,0.12,2.66,-1.97,0.91
195.077,0.38,1.3,0.62,-1.24,0.73,-1.79
195.554,-3.02,-5.4,-3.78,-4.54,-0.67,0.51
196.03,-3.32,-5,-3.28,-5.24,0.93,0.01
196.506,4.88,7.3,2.22,6.76,1.33,5.31
196.983,-5.72,-5.4,-8.68,-1.94,-5.97,-8.49
197.459,-1.42,-5,-3.58,-2.64,-6.07,-3.49
197.935,1.38,-2.5,2.22,0.26,0.03,-0.19
198.411,2.18,4.9,3.12,0.36,2.03,-2.89
198.887,-0.02,4.3,2.42,4.16,5.43,2.21
199.363,-7.42,-6.8,-3.68,-3.54,-3.97,-0.59
199.839,-1.82,-4.2,0.72,-6.54,-2.57,-1.69
200.315,-1.62,1.9,-1.48,-4.34,-0.87,-0.69
200.791,-2.62,7.6,4.72,0.66,8.63,6.21
201.267,3.98,3,2.82,3.76,7.43,5.51
201.743,-5.82,-0.6,2.22,-0.84,-2.97,2.51
202.219,-0.82,-1,1.32,1.26,-0.57,2.31
202.695,2.28,2.2,-2.98,3.76,4.43,-2.39
203.171,-6.52,-3,-7.68,0.86,1.53,1.11
203.647,-7.32,-7.2,-5.78,-2.34,-5.17,-5.49
204.122,-2.52,-1.1,-0.68,-3.84,-2.87,-4.49
204.598,0.88,2.2,-1.38,-1.54,-0.97,-1.59
205.074,3.98,4.4,4.82,5.46,4.43,5.61
205.549,-2.22,-3.5,4.32,-1.14,-0.77,-2.19
206.025,-0.32,-1,-1.98,-3.74,-2.07,-2.49
206.501,1.08,10.4,-1.08,4.16,4.13,2.81
206.976,-1.82,1.1,-3.38,0.96,3.03,0.81
207.452,-1.12,-5.4,2.22,-3.04,-2.47,3.21
207.927,-1.12,-4.3,-2.48,-2.44,0.43,-5.79
208.402,2.88,3.9,4.52,2.76,1.63,2.81
208.878,3.68,0.2,-0.38,3.56,5.63,1.11
209.353,-5.32,-12.6,-3.28,-0.94,-2.17,-3.39
209.829,-4.12,-4.1,0.72,-6.14,-4.27,-0.39
210.304,0.78,5.2,3.82,1.96,2.33,-1.29
210.779,1.98,4.7,8.82,7.96,4.53,6.91
211.254,-6.62,-9.5,-3.18,-6.14,-5.97,-5.59
211.73,1.68,1,0.92,-1.44,-2.17,0.71
212.205,0.08,4.2,-0.28,-0.84,2.23,0.71
212.68,-3.02,-0.4,-0.18,4.76,4.23,-4.79
213.155,3.08,-1.4,3.32,0.46,3.33,2.71
213.63,-4.42,-1.3,0.22,-6.54,0.13,-4.69
214.105,2.68,-0.4,-2.98,-2.64,-3.47,-3.19
214.58,6.88,2.5,4.32,6.36,4.73,4.71
215.055,-1.62,1.6,4.32,5.06,3.03,4.81
215.53,-0.02,-7.5,-0.98,-1.74,-2.87,1.21
216.005,7.88,2.6,0.62,3.56,1.03,3.21
216.48,-4.42,4.7,-5.08,0.86,2.63,-1.09
216.954,-3.12,-5.1,-3.28,0.46,-2.67,-1.19
217.429,-7.92,-6.6,-6.88,-3.34,-6.17,-2.79
217.904,-3.42,-3.8,-4.78,-0.84,0.73,-2.59
218.379,4.88,6.4,5.62,8.36,5.13,8.01
218.853,-6.92,-4.6,-4.98,-2.94,-3.57,0.11
219.328,-1.42,0.9,5.72,-3.14,-1.57,-1.59
219.803,-3.82,-4,-4.98,-3.34,-8.07,-5.39
220.277,0.08,4.4,2.12,-1.34,0.23,2.11
220.752,0.68,-4.7,-4.08,-2.04,0.43,0.41
221.226,-1.22,-8.2,-5.98,-8.34,-3.27,-5.89
221.701,2.68,-2.8,-1.18,-3.14,2.33,-5.09
222.175,-4.92,1.9,-4.48,-1.54,-3.37,-2.79
222.65,-2.12,-4,0.12,6.76,1.63,-4.19
223.124,-0.92,-0.5,-1.88,-2.94,-2.47,-5.49
223.598,-2.72,-3,-1.18,-4.04,-5.77,-3.79
224.073,3.38,3.3,-2.48,3.86,3.03,2.71
224.547,-7.62,-1.3,-2.68,-0.84,-5.17,-0.49
225.021,0.18,-1.6,5.42,1.96,0.03,2.61
225.495,-3.52,-7.9,-2.88,-9.04,-2.57,-5.29
225.97,-1.42,2.6,2.12,5.96,4.13,4.41
226.444,-10.42,-7.6,-7.98,-3.04,-4.57,-8.69
226.918,-6.82,-5.9,-2.68,-2.74,-1.87,-7.09
227.392,-2.62,-1.4,-0.68,-2.04,-3.47,-3.89
227.866,1.08,4.2,2.92,4.96,2.23,1.31
228.34,2.68,0,2.72,-0.04,-1.07,-1.39
228.814,2.68,-5.9,3.52,-1.34,-3.07,-1.59
229.288,-7.92,-9.9,-3.08,-9.64,-8.17,-8.89
229.762,-3.32,0.2,-2.78,-2.34,2.23,-0.79
230.236,0.38,2.5,0.52,0.86,0.53,-1.79
230.71,-6.52,-7.7,-0.68,-7.14,-1.27,-7.69
231.183,-0.52,-3.2,0.02,-3.44,3.03,1.11
231.657,2.08,-1.3,-4.48,2.06,0.63,2.51
232.131,1.48,2.5,2.12,2.46,2.63,2.91
232.605,1.78,0.3,1.72,-0.14,-0.37,-3.89
233.078,-4.52,-4.2,-0.98,-3.44,-3.47,-0.79
233.552,3.38,2.9,3.22,1.26,5.43,5.91
234.026,2.18,4.9,1.12,2.46,5.63,-0.89
234.499,-1.02,-5,-6.38,-1.94,-7.57,-6.89
234.973,-9.42,-10,-5.08,-7.04,-3.37,-6.79
235.446,-1.32,0.3,-1.08,-2.64,-0.97,-2.49
235.92,-0.82,-0.5,-2.78,-0.74,-1.17,4.61
236.393,-8.42,-3.7,-1.38,-3.44,-1.87,-6.19
236.867,-4.12,-2.3,-1.68,-1.14,-2.07,-0.49
237.34,-0.32,1.8,-1.38,2.66,-0.37,1.41
237.813,1.68,7.6,1.72,5.96,8.63,9.31
238.287,0.08,-0.2,-1.48,1.26,-0.77,0.41
238.76,1.78,-2.8,-0.08,-1.34,-7.57,2.01
239.233,2.48,-1.9,2.42,0.26,6.13,-0.09
239.706,-1.92,1.7,-2.68,1.46,-1.67,-3.59
240.179,-0.02,-3.2,0.72,1.16,0.43,-1.69
240.653,-0.52,-3,2.72,-2.74,2.63,-0.09
241.126,-6.02,-6.1,-6.18,-5.04,-4.37,-1.99
241.599,-3.12,2.6,-2.58,2.26,-0.27,-1.89
242.072,-3.42,-4.8,-1.28,-2.14,-0.37,-4.79
242.545,-0.32,-4.7,0.32,-2.74,-0.87,0.11
243.018,-3.92,-2.7,-6.08,-8.04,-5.47,-1.39
243.491,4.48,5.3,-2.38,3.76,6.13,5.11
243.964,2.48,0.8,3.32,6.06,1.43,-5.29
244.437,-3.92,-3.7,0.12,-0.84,-2.27,-2.89
244.909,4.28,4.3,-0.78,-5.04,-1.07,0.61
245.382,-0.92,5,-4.38,0.56,1.23,-2.89
245.855,1.58,2.7,1.52,5.26,-2.27,0.31
246.328,2.68,0.7,0.82,-1.54,-7.67,4.31
246.8,-5.52,-4.7,-0.98,-8.44,-3.17,-5.19
247.273,-1.02,-2.4,-0.68,1.46,2.23,1.61
247.746,-4.22,3.9,0.22,3.96,-0.57,1.31
248.218,-7.02,-3,2.22,0.26,-4.57,-0.99
248.691,4.48,-3.9,-3.08,0.86,1.43,-2.79
249.163,1.08,5.1,1.32,2.06,4.93,-0.19
249.636,-0.12,4.6,1.32,4.46,-1.67,-1.49
250.108,-5.42,-4.6,1.62,1.36,-3.37,-6.79
250.581,-4.22,-5.6,-1.48,-2.94,-5.47,-2.39
251.053,0.78,1.5,0.72,1.96,2.53,7.31
251.526,-0.52,-5.6,0.02,0.56,-3.07,-5.59
251.998,-4.02,0.1,-2.18,-2.64,-3.27,-6.89
252.47,-5.12,-8.9,-7.98,-5.84,-0.87,-3.09
252.943,-2.42,0.7,-6.28,-0.54,2.43,0.91
253.415,-1.42,-2.6,-0.48,2.16,-3.47,-6.19
253.887,-6.42,-2.1,-3.48,-4.34,-9.47,-2.99
254.359,-4.12,-5.8,-3.78,-4.04,-4.07,0.31
254.831,2.88,-0.6,-0.28,-0.04,4.23,5.01
255.304,-1.92,4.2,0.32,7.96,2.93,4.51
255.776,-11.12,-1.8,-3.08,3.26,-3.97,-2.19
256.248,-4.02,-3.6,2.62,0.96,0.23,-1.89
256.72,4.38,1,-0.38,4.26,4.73,1.91
257.192,0.88,4.4,-2.48,-0.24,3.83,-0.79
257.664,-0.62,0.2,-0.28,-0.54,-0.17,-2.49
258.136,-3.12,-3.9,-0.88,-3.04,-6.37,-2.89
258.607,-1.02,-6.6,-0.28,-3.34,-3.57,4.41
259.079,3.38,6,4.62,6.46,3.13,2.91
259.551,-9.32,-6.5,-2.58,-5.94,-5.37,-5.79
260.023,-2.32,-4.5,2.92,-5.84,0.13,-0.89
260.495,-1.82,-1,-0.48,3.06,1.13,0.51
260.966,2.48,3,-1.58,-0.54,3.13,-1.09
261.438,-4.82,-0.7,-4.88,-1.64,-0.67,-6.59
261.91,-8.02,-8.4,-6.68,-6.94,-6.17,-5.39
262.381,3.38,-0.1,-1.98,4.26,7.43,3.11
262.853,-2.92,-1.8,-0.28,2.16,2.33,-0.29
263.325,1.18,5.8,-0.08,4.96,-4.17,-1.59
263.796,-2.32,-4.9,-4.38,-8.94,-5.07,-6.39
264.268,2.78,-0.4,0.22,-2.24,0.43,-0.49
264.739,-0.72,-2.5,0.32,-2.94,0.63,2.81
265.21,-3.72,-2.5,-6.98,-5.54,-6.37,-7.69
265.682,-5.52,-4,-4.18,-8.74,-4.17,-5.69
266.153,-3.32,-7,-2.58,-5.44,-1.17,-4.59
266.624,5.88,2.4,1.82,0.96,2.93,3.11
267.096,2.48,3.8,1.22,5.86,-2.87,-2.79
267.567,-2.22,-5.7,-0.78,1.06,-5.87,-4.79
268.038,2.78,-1.6,-1.28,-1.94,2.83,2.61
268.509,3.18,1.4,-0.68,3.76,6.93,-0.49
268.981,3.08,2.2,4.92,7.96,4.33,-4.19
269.452,2.08,2.4,3.92,0.46,-0.17,-2.29
269.923,6.88,1.4,6.62,1.86,3.43,3.01
270.394,1.18,1.4,0.52,1.86,0.53,2.61
270.865,5.18,6,2.32,5.96,3.33,1.61
271.336,-1.12,0.8,2.22,0.46,-4.47,-2.99
271.807,-1.32,-2.9,-0.98,-2.94,0.13,-3.89
272.278,1.28,0,1.82,1.86,3.93,1.71
272.749,-3.02,-1.9,-2.98,-1.84,-2.87,-10.09
273.22,0.88,-5.7,-0.68,-5.54,-1.87,-5.19
273.69,-2.52,-4.8,-0.48,-3.44,1.73,-0.59
274.161,1.38,-2.7,0.42,2.66,4.33,0.61
274.632,-0.02,0.3,-3.18,1.36,1.13,-4.99
275.103,-1.22,-4.2,-0.68,2.56,-0.67,2.01
275.574,-2.72,-3,0.22,-4.44,1.43,-5.19
276.044,3.18,-1.1,-6.68,-0.94,4.33,0.91
276.515,-1.42,0.4,1.32,0.76,-2.57,-1.29
276.985,-1.72,-0.3,-3.38,-2.04,-4.27,-7.29
277.456,-8.92,-7.3,-4.98,-2.84,-3.87,-6.69
277.927,-2.52,-7,-6.38,-3.74,-4.97,-3.29
278.397,2.28,5.9,1.92,2.36,1.43,-0.19
278.868,-1.62,0.9,2.52,-1.14,-3.87,-4.59
279.338,-0.32,-1.3,-1.68,-4.34,-0.77,-1.19
279.808,-0.62,-4.9,-2.68,-2.74,-4.07,-1.99
280.279,4.18,3.7,2.52,4.16,2.13,2.31
280.749,-3.52,0.9,1.12,1.56,-1.67,-2.39
281.219,-3.12,0.6,1.92,-1.44,-0.37,-1.59
281.69,-0.32,0.9,0.12,2.56,5.13,3.91
282.16,2.68,8.9,1.32,2.26,1.93,-0.89
282.63,1.38,5.4,4.02,3.26,-3.37,0.31
283.1,-7.92,-6.4,-7.58,-10.84,-7.07,-8.59
283.571,-1.32,-8.1,-7.68,-4.84,0.63,-3.39
284.041,-4.82,-0.8,-3.38,0.76,0.83,-0.39
284.511,2.18,6.4,-1.88,0.96,-1.57,0.81
284.981,-0.72,1.1,2.32,-2.74,-1.37,1.21
285.451,-2.92,-7.5,-6.48,-6.34,-3.87,2.91
285.921,-4.22,-3.2,-6.98,-4.94,-5.07,-2.39
286.391,-1.72,3.5,-4.48,-0.44,-2.27,0.21
286.861,-3.62,-5.2,-0.58,-1.94,-0.97,-6.49
287.331,-1.82,-2,-0.28,1.76,3.23,3.61
287.8,-4.12,-1.6,-2.68,-3.24,-2.87,-2.49
288.27,-4.02,2.4,-1.68,0.36,-2.87,-6.49
288.74,-0.62,-0.4,1.02,3.16,-5.07,1.91
289.21,1.78,1.6,4.52,1.86,3.13,5.61
289.68,-5.32,-3.5,-6.88,-5.64,-3.47,-5.69
290.149,3.38,5.5,2.02,3.06,4.13,1.11
290.619,-5.22,-4.8,-3.48,-6.24,-4.87,-8.39
291.089,-0.82,-3.2,-1.08,-1.54,2.03,8.51
291.558,0.18,-3.4,-6.18,-1.24,-2.37,-5.19
292.028,-0.42,8.4,1.62,5.46,-0.87,4.61
292.497,-0.42,2.3,0.42,4.46,3.13,2.11
292.967,-4.52,-5.3,-2.08,-0.74,3.13,1.61
293.436,3.78,-0.7,-0.88,3.86,2.73,-1.59
293.906,-6.22,-0.7,-7.68,1.16,-0.77,-5.19
294.375,-1.42,1.7,-1.98,4.26,-0.87,-4.09
294.845,-1.92,-5.8,-1.38,-2.04,4.63,-1.19
295.314,-1.42,0.5,-1.78,-0.34,3.63,-1.99
295.783,-0.82,2.3,-0.98,1.46,-3.37,-0.19
296.253,0.28,-1.6,-3.08,-0.44,-6.67,-6.09
296.722,0.48,-5.9,-1.48,-6.14,-0.47,-2.19
297.191,-3.62,-11.4,-2.48,-9.64,-3.07,-3.09
297.66,0.18,2.6,2.72,3.26,-1.67,-6.09
298.129,-4.42,1.3,-1.58,-0.34,-2.97,-3.29
298.598,-5.22,-4.7,-3.38,-3.54,-0.97,-1.19
299.068,-1.92,-4.1,2.12,-2.44,2.53,-3.49
299.537,3.28,-1.8,9.42,7.96,2.83,-0.19
300.006,-0.32,-4.5,0.72,2.36,-3.67,-2.29
300.475,-4.12,-6.7,-1.08,-0.84,2.43,-1.89
300.944,-3.32,-6.8,-6.28,-4.64,3.33,-0.69
301.413,-3.12,0,-2.88,-3.74,-1.97,-4.49
301.881,-2.32,1.6,-3.58,0.96,-4.47,-5.99
302.35,3.48,-3.6,-1.58,-0.14,2.33,0.51
302.819,-4.42,-6.6,-1.48,-3.84,1.23,-1.79
303.288,-4.42,2.4,2.52,1.86,-1.07,-4.19
303.757,4.38,6.3,2.62,3.56,-0.87,2.81
304.225,-5.72,-2.1,-2.38,-5.54,-5.37,-1.99
304.694,-2.92,-6.1,-1.98,-3.54,-0.67,0.41
305.163,6.18,3.6,6.52,4.56,5.03,1.11
305.632,2.58,0.6,3.02,2.46,-5.47,-2.79
306.1,0.08,-2.3,0.72,-2.94,-3.27,-1.49
306.569,-0.92,-5.9,-0.78,-2.34,3.33,-0.49
307.037,0.18,2,0.42,7.76,1.33,3.41
307.506,4.88,0.4,0.52,4.06,-1.47,3.41
307.974,1.28,4.9,3.72,1.16,2.53,5.91
308.443,-3.22,-7.3,-7.28,-1.44,-2.77,-3.99
308.911,-0.82,-3.1,-1.68,-2.04,1.53,-1.59
309.38,-0.12,1.4,3.02,5.66,5.23,1.91
309.848,-2.02,-3.4,-0.98,-3.74,-2.07,0.11
310.316,-3.92,-4,-1.18,-3.84,2.83,2.11
310.785,1.18,-2.1,-1.38,1.06,-2.07,2.31
311.253,-2.22,-1.9,-5.18,1.16,-5.27,-3.69
311.721,-3.82,0.3,1.02,-1.24,-3.67,-2.79
312.189,2.68,2.3,1.32,-0.74,3.73,3.81
312.657,-0.42,2.3,0.32,2.76,0.93,0.11
313.126,-0.22,-5.4,-3.48,-0.64,-7.97,-6.89
313.594,-3.62,0.1,-4.68,-3.84,-1.47,-2.99
314.062,-5.32,-3.7,1.92,-3.04,5.63,-1.39
314.53,-2.62,-11.3,-6.88,-5.64,0.63,-4.49
314.998,5.18,3.4,0.42,7.16,0.03,3.61
315.466,-6.02,-1.2,-1.28,2.96,-1.47,-2.49
315.934,-2.42,-2.3,1.22,3.26,2.03,1.31
316.402,0.68,-2.7,-2.38,-3.24,1.13,1.11
316.869,-0.42,-0.1,-2.68,3.56,-0.77,-3.09
317.337,3.38,3.5,-0.18,5.26,-0.17,1.11
317.805,0.98,-6.8,-4.38,-3.04,1.93,-3.19
318.273,1.18,-5,0.42,3.26,1.43,0.81
318.741,0.78,2.5,0.12,3.36,0.53,1.61
319.208,2.18,8.4,5.82,2.56,5.53,2.51
319.676,-1.02,-0.9,-0.18,-3.14,1.23,1.81
320.144,-2.72,-2.7,-6.18,-5.64,-1.27,-0.29
320.611,2.68,2.9,0.42,5.06,-2.07,-1.59
321.079,-1.12,3.9,-1.38,2.16,-3.57,-0.39
321.547,-3.42,-0.8,-2.28,-8.34,5.03,-3.29
322.014,-4.22,-5.3,-5.38,-4.84,-1.37,-5.89
322.482,3.08,2.2,-1.88,2.16,2.63,2.01
322.949,-1.12,2.2,-6.58,1.46,-1.97,0.11
323.416,-2.22,-1.1,0.02,-3.84,-0.67,3.01
323.884,-2.52,-4.9,-0.08,-5.64,7.73,2.11
324.351,-0.22,2.7,-0.08,-3.34,2.23,-3.19
324.819,-1.32,5.3,-1.08,0.66,-1.57,-2.29
325.286,0.78,-3.4,-0.38,1.76,-1.57,0.51
325.753,0.18,-1.1,-0.58,1.06,6.03,-0.09
326.22,1.58,-1.9,-2.88,4.86,0.03,-6.99
326.688,0.38,0.3,5.42,7.06,3.33,3.31
327.155,-4.22,-3.5,-0.78,-2.44,-2.97,1.11
327.622,-3.22,-6.1,-3.78,-5.94,-1.87,-1.89
328.089,-1.22,1.4,-2.78,0.56,3.13,-1.89
328.556,2.38,7.3,1.22,8.96,-3.87,4.41
329.023,-2.52,-0.6,3.32,0.26,3.83,-0.79
329.49,-4.82,-7.3,-9.68,-4.94,-0.07,-5.49
329.957,-6.12,-8.7,-6.58,-6.24,-3.97,-4.89
330.424,5.28,4.9,-4.18,1.66,1.23,-1.59
330.891,-6.12,-0.1,4.62,-2.64,-5.07,0.91
331.358,-6.72,-2.6,0.42,-7.14,0.83,-0.79
331.825,-2.62,-8.2,0.02,-2.84,-5.07,-5.89
332.292,-7.72,-3.1,-3.88,-1.24,-5.87,-4.39
332.759,-4.52,2.1,2.42,-1.24,-1.47,1.71
333.225,2.08,-3.6,-0.38,-0.64,4.13,-3.69
333.692,0.68,-5.7,-3.88,0.96,-3.37,-2.49
334.159,-5.12,-3.9,-6.68,0.96,-2.37,-5.49
334.626,-6.62,-1.4,-3.38,0.36,-4.17,-1.19
335.092,-3.92,0.7,-4.78,-7.54,-1.67,-4.89
335.559,-6.02,-8.1,-1.68,-0.54,-0.37,-8.09
336.026,0.68,-2.5,-4.28,0.26,-7.17,-5.09
336.492,-0.92,5,-2.38,2.36,4.63,0.21
336.959,-0.92,1.9,-1.78,-3.44,3.13,1.71
337.425,1.88,-1.4,-4.18,-1.64,3.53,-2.09
337.892,1.98,0.2,-0.18,3.16,-0.87,-0.29
338.358,-2.42,2.6,0.22,-1.34,-1.37,2.41
338.824,-4.32,-7.2,-3.28,-6.44,-0.17,-4.49
339.291,-4.82,-10.9,-5.78,-7.54,-3.17,-7.09
339.757,1.58,0.7,-0.18,3.96,-3.27,-0.59
340.223,1.38,2.9,-1.98,7.06,0.03,3.61
340.69,2.78,1,-0.08,2.06,5.43,3.81
341.156,-1.12,-1.4,1.12,0.96,1.03,-2.59
341.622,2.58,1.1,1.72,2.86,1.43,-3.99
342.088,-0.12,2.2,0.82,-1.24,-3.27,2.51
342.555,-1.52,-3.8,-2.78,-2.64,-0.07,-2.29
343.021,3.98,-4.1,-1.08,-4.04,3.63,-3.19
343.487,-3.12,-5,-5.28,-4.04,-9.27,-8.49
343.953,0.78,3.3,1.42,2.26,1.63,1.81
344.419,-2.62,1.3,-0.88,-0.94,-1.17,5.81
344.885,-7.42,-6.8,-2.88,-7.64,-5.87,0.21
345.351,-0.42,-2.1,1.12,3.76,3.53,1.41
345.817,-0.22,3.5,1.32,3.96,1.93,0.61
346.283,-6.72,-2.3,-2.08,-8.64,-0.97,-1.49
346.749,-8.32,-4,-4.28,-4.94,-2.87,-8.59
347.214,-4.72,-3.1,-3.98,2.66,-7.17,-0.69
347.68,-5.62,-0.9,-2.18,0.16,-4.77,0.11
348.146,-4.72,2.9,-0.68,0.66,1.23,4.41
348.612,-6.72,-7.5,-2.08,-3.04,-1.57,-3.39
349.077,2.08,-2.7,0.92,0.16,-1.57,-6.49
349.543,-0.42,-2.6,1.02,3.36,-5.27,1.31
350.009,5.38,6.3,4.92,-1.24,6.53,4.91
350.474,7.38,5.7,5.72,0.96,2.83,1.91
350.94,-5.62,-6.2,-4.88,0.16,-1.77,-4.89
351.406,0.88,5.3,1.72,1.86,1.13,2.31
351.871,-2.82,3.5,0.82,2.86,6.23,0.91
352.337,-4.92,-0.3,2.92,-0.34,5.43,-5.59
352.802,3.28,-7.6,-0.58,0.46,0.43,-2.49
353.268,0.98,-0.7,-0.28,0.46,1.33,-1.69
353.733,0.58,3.3,2.62,0.26,5.93,3.01
354.198,-1.42,-4.4,-3.78,-3.44,0.73,-3.59
354.664,-2.82,-5.4,-6.08,-0.64,-2.37,-6.39
355.129,2.58,3.9,-0.58,3.86,0.03,-2.99
355.594,-0.12,6.3,-0.08,4.16,2.63,3.01
356.06,-0.82,-3.9,-2.48,-6.14,2.13,-3.99
356.525,-3.12,-7.8,-4.58,-5.74,-6.77,-10.79
356.99,-1.02,-0.3,0.32,4.56,-2.77,-1.89
357.455,6.08,8.7,5.22,6.16,6.33,7.81
357.92,-1.92,-0.6,-1.18,-1.44,1.63,0.31
358.385,-2.52,-4.5,-0.18,-3.84,2.43,-3.39
358.851,-5.52,-4,-0.28,3.46,-6.77,-3.09
359.316,2.48,4.3,3.42,11.96,1.93,5.91
359.781,-1.82,-1,1.52,-1.54,1.93,-3.09
360.246,-1.92,-2,-2.38,-0.04,0.43,-1.99
360.711,4.18,0,2.22,1.66,-2.27,-2.89
361.175,0.68,5.5,1.32,2.66,2.73,0.01
361.64,-2.72,-3,-5.68,-7.64,0.93,-3.09
362.105,-3.62,-6.9,-1.78,-2.24,0.03,-7.59
362.57,-1.52,-6.2,-2.58,1.56,-0.47,-5.09
363.035,0.68,7.3,4.72,4.06,2.63,4.61
363.5,-1.72,-1.3,-0.78,-2.54,1.33,-2.39
363.964,0.18,-5.6,-0.68,-5.54,0.13,-7.49
364.429,-0.22,-2.8,0.22,-2.14,0.93,-1.99
364.894,-0.12,0.7,-3.28,-3.04,4.43,3.51
365.358,0.88,-1.1,2.92,-2.64,2.53,-0.49
365.823,-6.82,-9.8,-2.78,-7.54,-1.37,-8.09
366.288,2.38,-6.4,-1.08,-2.04,-2.97,-2.79
366.752,-5.32,-2.7,0.62,1.66,-7.77,0.81
367.217,-2.62,2.8,2.22,0.56,3.73,-1.99
367.681,-2.82,-2.3,-0.38,0.26,2.03,-7.29
368.146,-2.52,-8.5,-3.68,2.36,-7.27,-2.79
368.61,-2.72,1.3,-3.58,-2.84,-0.17,1.81
369.074,-4.42,1.4,0.82,-0.54,0.93,-1.89
369.539,-3.72,0.1,2.02,-3.34,2.33,-2.39
370.003,1.58,-6,-1.68,0.96,-4.77,-3.29
370.467,3.28,3.1,1.62,3.96,-0.47,3.81
370.932,-1.12,1.5,-0.68,-1.14,5.13,-2.69
371.396,-0.92,-0.1,1.82,-0.44,4.53,-3.39
371.86,0.28,-2.9,-2.48,5.86,-4.37,-10.39
372.324,-1.02,-4.3,3.62,5.26,-1.77,0.41
372.789,0.38,-0.4,-0.78,2.76,2.13,-0.89
373.253,-10.22,-2.4,-4.18,-7.64,-3.57,-7.99
373.717,0.08,-4.8,-1.48,0.66,-2.67,2.71
374.181,5.48,6.2,3.22,10.56,0.63,7.71
374.645,1.48,2.7,-3.38,-2.94,2.73,4.51
375.109,-1.72,3.4,-0.08,-1.24,2.93,-0.29
375.573,-0.72,-9.2,-4.68,-5.04,-6.47,-0.49
376.037,-2.32,-6.7,-0.78,0.66,-2.47,3.71
376.501,-0.82,2,-0.98,3.16,4.73,2.31
376.965,-6.02,-3,-1.48,-3.84,-4.77,-10.19
377.428,1.28,-3.9,-2.08,-1.14,-6.37,0.11
377.892,-5.32,-2.2,-3.18,0.46,-2.07,-1.59
378.356,-3.12,0.9,-0.28,-0.34,0.73,-2.99
378.82,-4.52,3.9,-0.38,-0.14,0.73,-1.19
379.284,-4.82,-1.5,-7.38,-5.64,-3.07,-4.09
379.747,-6.72,-3.4,-4.28,-5.84,-7.87,-0.19
380.211,-3.92,1,-2.08,-0.54,0.23,0.61
380.675,4.18,1.4,2.62,1.46,8.83,-0.79
381.138,-3.52,-0.8,-0.28,0.66,-1.97,-2.09
381.602,-4.42,-6.7,-1.88,1.16,-4.47,-6.09
382.065,-7.32,-3.2,-5.28,-2.64,1.33,-8.29
382.529,-3.72,-2.5,-5.28,-3.34,2.43,-2.39
382.992,0.88,-1.9,3.22,-0.24,-1.97,-0.59
383.456,-2.22,-3.8,-0.88,1.66,-3.47,-0.19
383.919,-3.82,-7.3,-5.68,-3.84,-3.07,-4.59
384.383,-0.62,0.5,-1.88,-3.54,2.73,-3.09
384.846,-0.82,-2.3,0.62,-2.64,-1.37,-5.69
385.309,-9.42,-4,-3.98,-0.94,-3.27,-5.99
385.773,6.68,0.6,-0.68,1.96,-3.47,4.51
386.236,1.08,2.6,0.72,2.06,1.43,-0.09
386.699,-0.22,-3.6,-1.08,-6.54,-5.17,-4.09
387.162,-1.52,-7,-5.98,-1.34,-8.97,-2.89
387.626,-3.22,-2.6,-0.48,0.06,-0.07,6.51
388.089,-4.12,1.6,0.32,-4.84,4.03,-1.09
388.552,-1.92,0.6,-0.48,-0.84,-2.97,-4.09
389.015,-0.22,-2.5,-2.88,1.06,-5.57,-0.69
389.478,-0.02,2.2,-0.18,0.46,3.43,-1.39
389.941,-0.62,3.7,-2.48,-2.84,-1.87,0.21
390.404,-0.42,0.8,-4.68,-1.94,0.43,-5.49
390.867,-3.32,-6,-3.88,0.06,-4.97,-8.29
391.33,-1.52,-5.1,1.12,2.36,-0.07,2.71
391.793,0.28,0.2,0.82,2.76,6.73,0.71
392.256,-7.52,1.5,-3.98,-5.24,-1.67,-7.59
392.719,3.98,-4.5,-1.48,-1.04,-0.77,-2.19
393.182,-3.72,-6,0.52,-2.34,-2.97,-2.19
393.644,0.88,3.8,-0.28,-1.44,2.23,1.31
394.107,-7.82,2.8,-1.78,-4.34,-1.77,-0.89
394.57,-3.02,-5.1,-0.88,0.86,-3.97,-2.09
395.033,2.58,-4,2.72,1.16,-0.87,0.11
395.495,-6.42,6.9,-4.88,0.66,4.13,-2.99
395.958,-4.32,0.8,-1.38,-3.44,-1.07,-7.59
396.42,1.78,-5.7,0.92,-1.14,-2.37,-0.19
396.883,-0.02,-3.8,-3.48,1.26,-3.87,-3.79
397.346,-2.52,0.9,2.02,-0.04,2.23,-2.99
397.808,-4.32,0.2,-2.58,-3.94,-3.37,-6.39
398.271,4.18,-2.7,-0.18,2.26,-3.17,-1.49
398.733,0.08,-2.4,-3.48,0.06,-4.97,0.11
399.196,-5.92,-4.6,-5.08,-3.14,-0.57,-6.49
399.658,1.58,6,0.32,-1.04,1.03,1.01
400.12,-0.12,-0.8,0.42,-0.54,-2.87,-1.09
400.583,-0.72,-5.5,-0.48,-1.64,-4.67,1.31
401.045,1.58,6.4,1.72,6.56,3.53,3.61
401.507,0.38,5.4,0.82,-3.34,2.73,-0.99
401.97,-0.32,4.6,-1.08,0.26,1.93,-0.89
402.432,-5.72,-4,-3.28,2.86,-3.97,2.61
402.894,-1.62,-5.1,-4.18,0.16,-0.77,-1.69
403.356,-3.12,4,2.92,0.46,1.03,-1.69
403.818,-4.02,0.9,-7.78,-1.04,-5.77,-5.29
404.28,1.18,-5.2,-3.68,5.06,-5.77,0.61
404.743,-1.82,-2.5,-0.58,5.46,-0.17,0.81
405.205,0.08,3.4,1.72,0.36,2.43,0.51
405.667,-4.22,-2,-1.38,-1.64,-0.57,0.51
406.129,-1.82,-7.6,-2.18,4.36,-1.77,3.01
406.591,2.88,3.3,0.52,1.96,3.03,1.51
407.053,-4.02,3.5,-1.58,0.96,4.73,-3.69
407.514,0.18,-2.7,1.12,-1.34,1.63,-4.49
407.976,-4.32,-5.2,-2.98,-0.44,-5.47,-2.09
408.438,-5.72,-4.5,-3.78,0.16,-4.37,-3.69
408.9,4.68,3.3,-0.68,-2.14,-0.47,-3.59
409.362,0.98,1.4,-3.98,-0.44,-4.57,-5.39
409.823,-4.42,-6.5,-6.08,-3.94,-10.37,-3.99
410.285,0.78,-7.2,-2.58,-0.94,1.03,-2.99
410.747,0.08,4.1,-3.08,2.16,1.93,-3.59
411.209,-1.32,0.5,0.62,-1.34,-1.97,-0.09
411.67,0.98,-7.3,-1.88,1.46,-3.97,-2.39
412.132,-6.52,-3.5,-4.78,-1.24,0.43,-1.29
412.593,-3.32,4.8,-0.78,2.66,3.03,-4.79
413.055,-0.42,2.1,-0.18,-0.14,-2.47,0.61
413.516,-0.82,-6.4,1.02,0.96,-3.57,-2.29
413.978,1.78,-2.4,0.02,2.26,5.13,5.21
414.439,-6.92,6,-6.68,-2.24,0.93,-4.79
414.901,1.48,2.9,-0.18,0.36,2.13,-5.29
415.362,-3.92,-1.7,-2.28,1.46,-1.17,-1.49
415.824,-0.42,-10.2,-3.28,2.06,0.13,-2.49
416.285,3.18,2.4,-0.38,0.76,5.63,-2.49
416.746,-0.02,6.6,1.62,0.56,4.73,-0.89
417.208,-6.32,-6.2,-5.98,-6.44,-6.37,-5.59
417.669,-1.42,1.5,-3.28,-0.94,-0.17,-6.89
418.13,2.38,1.8,4.32,5.76,1.63,-1.59
418.591,0.88,1.3,2.42,-1.64,4.13,-1.59
419.052,-0.02,-0.5,-2.78,1.06,0.23,-8.39
419.514,-1.32,-0.9,-4.08,1.26,2.33,-0.09
419.975,-3.82,-1.8,-5.28,-7.34,0.53,-5.49
420.436,-0.72,2.3,-3.78,-7.14,-2.17,-3.39
420.897,1.38,2.5,-2.28,-5.34,-1.57,-1.89
421.358,4.88,-1.1,3.62,3.36,3.93,3.21
421.819,-0.52,-1.3,2.32,1.36,5.23,-3.99
422.28,-1.32,0.9,1.02,-4.54,-0.07,-4.09
422.741,-3.42,-1.7,0.12,-3.64,-5.27,-2.39
423.202,-7.12,-6.7,-2.38,-1.34,-4.97,0.21
423.662,-2.62,-7.4,-5.58,-0.74,-3.27,-6.49
424.123,-1.42,4.7,-0.68,-0.34,0.13,-5.89
424.584,1.88,2.2,0.12,-3.34,2.23,-0.99
425.045,1.88,2.8,2.32,6.56,3.13,3.01
425.506,8.68,-0.5,2.52,1.66,4.53,1.71
425.966,0.08,2.9,2.72,-1.94,3.33,1.91
426.427,-2.02,5.2,2.72,-2.64,-1.67,0.21
426.888,-5.82,-3.9,-2.58,0.76,-3.77,-0.09
427.348,1.48,-3.9,-4.48,-1.34,-0.17,-7.19
427.809,5.28,4,2.52,2.26,6.93,0.41
428.27,-4.42,6.4,-2.68,-0.54,-0.77,-2.09
428.73,-7.92,-14.4,-9.98,-5.54,-8.27,-0.49
429.191,1.88,-5,-2.38,6.16,1.73,-2.99
429.651,2.58,7.1,-1.98,-0.84,2.53,-2.99
430.112,3.38,1.6,1.92,-1.34,1.13,0.61
430.572,-1.72,-6.6,-7.08,-4.54,-5.97,-0.49
431.032,-2.32,-3.5,-2.28,-3.44,0.13,-2.89
431.493,-1.02,1.8,2.92,1.96,-0.87,1.11
431.953,-3.12,1.4,-0.78,-7.14,-5.17,-3.49
432.414,-5.72,-3.2,-0.88,-2.14,-3.67,-1.29
432.874,-1.72,-0.2,1.92,0.86,5.23,1.41
433.334,-1.32,3.8,1.52,2.86,1.13,-0.19
433.794,-9.92,-2.3,-1.18,-4.64,-9.67,-6.09
434.254,2.48,-3,-2.98,2.36,-4.17,3.21
434.715,-4.12,-7,-4.78,-0.54,-3.77,-5.29
435.175,-0.42,-1.3,-2.38,-0.84,3.73,-6.19
435.635,-4.72,2.2,-0.28,-0.74,0.23,-0.69
436.095,-0.72,-2.9,0.52,1.06,-1.47,2.01
436.555,2.68,-2.4,-2.58,0.86,2.63,-3.69
437.015,2.48,-0.2,2.32,1.56,2.33,-0.49
437.475,-2.82,-1.3,-0.68,-1.94,-4.87,-3.09
437.935,-2.92,-2.7,-7.38,-6.04,-7.37,-0.59
438.395,3.48,3.2,4.72,9.56,7.43,8.91
438.855,-4.52,-2.2,-0.18,-0.34,0.53,0.31
439.315,-6.82,6.8,-2.48,-1.24,0.63,-1.89
439.775,-10.82,-4.8,-5.38,-0.04,-2.97,-3.49
440.234,0.28,-5.9,-4.38,1.96,-0.47,-2.39
440.694,0.68,-1.5,-1.78,-0.44,-2.27,-4.79
441.154,-0.32,1.8,1.62,-3.04,0.53,0.21
441.614,-4.02,0.6,1.12,-3.34,1.03,0.81
442.073,-4.32,-11.1,-7.38,-6.44,-3.57,-11.69
442.533,-3.52,-8,-1.58,-0.74,2.13,-5.99
442.993,-1.62,5.1,-1.48,-1.04,-1.27,-2.39
443.452,-3.82,0.7,-5.38,-3.04,-4.07,-5.89
443.912,-5.32,-12.6,-6.98,-0.84,-7.37,1.81
444.372,3.58,-2.6,-0.28,5.76,5.43,2.11
444.831,-0.02,2.3,0.22,-0.54,3.93,-1.09
445.291,0.18,7.6,3.32,-4.24,0.43,3.71
445.75,-3.92,-3.1,-2.58,-2.74,-1.07,-2.79
446.21,-0.42,-4.4,-1.18,1.26,3.73,-1.79
446.669,-2.52,-3.6,-2.98,1.36,-1.97,-4.99
447.128,-0.82,2,-1.68,-3.24,-4.67,-1.89
447.588,-7.62,-3.6,-3.48,-2.44,-4.17,-3.39
448.047,-3.22,-1.6,-6.08,-3.04,-2.67,-5.39
448.506,-7.02,-3.5,-0.18,-4.44,-3.07,-11.99
448.966,-1.92,-0.8,1.42,-3.34,2.23,-1.29
449.425,-3.52,-4.2,-3.18,-0.24,-3.47,-1.69
449.884,-0.72,-4.3,-5.98,0.56,-0.47,-2.79
450.343,-0.42,2.6,3.52,-1.34,4.03,0.11
450.802,-2.92,-1.4,0.32,-0.64,-3.77,-4.59
451.262,-1.32,-3,2.32,0.66,-0.97,0.41
451.721,2.08,-1.2,0.42,2.26,3.73,-1.39
452.18,-9.22,-6.2,-7.78,-4.64,-5.17,-7.29
452.639,2.78,9.6,1.92,3.26,2.03,4.61
453.098,0.48,3.5,-2.78,0.96,2.03,-0.69
453.557,7.08,3,4.92,8.86,7.93,0.61
454.016,-4.12,-2.4,-0.68,-3.94,-1.07,-5.29
454.475,2.18,3.8,0.32,-0.14,-3.37,2.01
454.934,-7.02,-3.5,-5.68,-7.84,-9.27,0.91
455.392,-2.62,-9.4,-5.18,-0.44,-3.57,-6.09
455.851,-2.62,-2.6,-0.28,-0.74,5.13,-3.79
456.31,-2.22,4.1,3.12,-2.64,-3.77,0.01
456.769,1.78,4.2,6.02,1.86,6.43,4.91
457.228,-2.32,0.6,5.42,1.26,0.33,-2.99
457.686,-0.12,-0.9,-0.38,4.86,2.13,-1.09
458.145,5.08,10.7,10.22,8.76,8.23,10.61
458.604,5.88,5,6.02,-1.24,2.43,6.31
459.062,8.08,8.2,3.62,8.46,4.53,7.31
459.521,13.78,11.3,12.42,18.16,17.23,10.41
459.98,24.58,28,26.02,22.36,22.63,24.01
460.438,21.48,31.5,30.72,26.86,26.93,29.11
460.897,24.08,26.8,28.62,26.96,29.43,23.51
461.355,27.68,28,31.62,30.56,28.43,24.21
461.814,23.08,29.9,23.62,22.86,23.83,23.21
462.272,21.08,24.9,28.22,21.66,24.43,21.91
462.731,20.28,24.4,24.02,27.16,28.73,26.71
463.189,24.98,25.7,26.12,23.56,29.53,20.61
463.647,23.08,22.8,23.12,19.06,21.83,19.61
464.106,22.28,26.2,22.92,21.96,20.13,26.31
464.564,18.88,21.1,22.82,22.86,18.63,20.81
465.022,22.48,12.2,23.92,24.46,21.13,20.01
465.481,14.48,22.1,23.92,21.46,18.33,20.41
465.939,23.28,28.1,26.92,22.86,20.23,25.71
466.397,20.88,16.2,21.92,23.56,19.83,23.41
466.855,23.38,19.2,18.22,24.16,26.83,17.41
467.313,22.18,18,19.72,14.16,18.83,18.71
467.771,21.08,25.9,24.72,19.96,15.93,24.01
468.229,15.88,15.3,16.92,21.36,19.03,18.01
468.687,20.68,20.4,20.22,26.26,24.33,21.31
469.145,17.88,20.2,25.92,22.86,20.03,20.31
469.603,24.08,25.3,22.52,18.36,18.73,19.81
470.061,15.48,13.6,15.32,13.26,19.03,18.11
470.519,20.68,19,14.02,22.26,20.53,17.61
470.977,20.58,20.7,18.62,18.16,21.23,13.71
471.435,17.18,19.6,23.92,20.16,14.53,20.51
471.893,16.68,13.8,14.32,14.06,13.13,17.41
472.351,15.28,12.8,16.32,17.86,19.33,11.71
472.809,16.28,22.3,19.22,17.96,21.13,18.31
473.266,17.28,20.4,20.22,15.16,16.23,21.21
473.724,18.08,20.9,17.52,15.06,15.43,21.51
474.182,18.78,10.4,15.72,16.56,17.53,10.41
474.64,17.08,15.1,19.92,16.66,21.83,13.61
475.097,15.38,21.9,18.62,21.66,19.23,21.91
475.555,12.78,20.2,21.52,16.66,20.13,20.71
476.012,17.48,13.7,17.32,22.06,21.13,13.71
476.47,22.88,17.4,20.62,23.06,19.13,17.11
476.928,15.68,21.8,20.82,15.66,16.33,16.91
477.385,18.68,20.2,23.62,13.26,20.73,18.91
477.843,17.28,16.3,16.52,17.96,18.73,19.31
478.3,21.78,17.5,15.72,16.26,21.83,16.61
478.757,29.18,22.9,26.92,24.46,24.33,28.31
479.215,16.48,24.5,20.52,18.06,21.23,20.91
479.672,19.38,16.1,18.42,17.46,20.43,14.41
480.13,18.88,15.1,17.72,20.36,19.83,18.81
480.587,21.58,21.3,21.92,17.96,19.23,23.21
481.044,30.78,29.5,25.62,25.96,27.93,27.01
481.501,18.88,24,21.72,19.46,22.93,22.31
481.959,25.78,18.7,23.02,23.46,23.83,23.11
482.416,23.18,20.8,19.02,21.16,19.83,22.21
482.873,22.98,32.8,27.92,23.56,25.03,26.31
483.33,21.48,19.3,22.92,21.96,23.03,20.91
483.787,20.78,20.4,25.92,24.76,26.23,23.61
484.244,26.48,27.2,26.92,24.96,20.53,28.31
484.701,24.48,28,23.52,23.26,24.13,28.21
485.159,21.68,20.1,21.92,20.56,23.53,18.51
485.616,16.98,18.3,20.62,22.56,24.63,17.11
486.072,27.88,26.4,30.42,28.86,29.83,30.01
486.529,28.98,30.1,27.82,24.26,26.03,30.41
486.986,32.48,30.2,23.72,29.06,35.33,26.81
487.443,27.18,24.8,27.12,30.46,30.53,26.61
487.9,25.28,27.1,29.82,28.36,29.73,27.51
488.357,24.18,29,27.62,22.86,24.83,28.51
488.814,33.28,30.7,30.52,30.56,29.33,34.31
489.271,32.48,24.6,25.12,30.56,29.73,27.41
489.727,29.58,36,32.32,34.86,39.43,38.51
490.184,35.48,37.9,33.42,37.16,37.93,41.01
490.641,34.78,36.4,32.52,34.56,39.93,33.21
491.097,34.48,32,31.72,39.46,36.63,31.31
491.554,38.68,35,33.02,34.46,35.43,36.91
492.011,32.48,41,37.12,37.66,40.13,37.01
492.467,41.38,47.5,40.42,41.76,42.33,41.71
492.924,40.98,37.6,41.52,42.16,40.53,34.81
493.38,44.68,43.2,45.22,46.76,46.93,39.51
493.837,43.48,45.9,42.52,43.96,41.93,44.71
494.293,45.08,43,40.12,39.36,45.53,45.51
494.75,43.68,41.6,42.62,44.86,38.53,40.91
495.206,47.38,42.4,42.52,42.86,43.73,44.81
495.663,47.18,48.6,48.82,43.86,43.23,45.01
496.119,49.48,58.4,50.52,48.86,52.53,54.31
496.575,47.78,46.3,48.02,50.06,46.03,44.01
497.032,50.88,44.8,48.62,49.86,49.53,47.81
497.488,48.48,51.4,48.32,49.66,44.23,51.21
497.944,52.98,61,54.02,53.36,53.13,57.51
498.4,57.98,55.3,54.42,57.16,56.03,51.01
498.857,53.68,50.2,59.12,56.66,52.93,48.31
499.313,59.78,57.4,56.22,53.76,56.73,57.21
499.769,59.78,71.1,60.82,62.76,65.63,60.31
500.225,68.28,66.9,68.22,67.46,69.53,64.51
500.681,71.08,65.6,69.62,68.76,70.13,69.71
501.137,73.08,74.2,69.42,65.16,65.53,72.61
501.593,68.98,78.9,70.52,65.36,73.23,70.71
502.049,74.18,70.5,70.62,74.06,77.33,68.31
502.505,70.98,72,77.02,75.76,75.23,72.71
502.961,72.78,81,81.92,74.86,74.53,79.81
503.417,74.18,85.9,77.82,76.46,87.13,78.01
503.873,79.68,86.7,84.42,83.36,85.03,77.01
504.329,85.48,84.2,83.32,89.26,89.03,82.01
504.785,93.08,93.4,90.22,86.46,91.43,90.51
505.241,87.48,96.4,93.42,91.76,94.13,93.01
505.696,90.58,96.9,97.92,95.86,97.23,96.31
506.152,93.98,95.2,104.22,100.76,98.43,102.41
506.608,100.68,99.4,105.02,103.86,100.43,109.21
507.064,99.28,107.6,105.02,90.86,104.23,111.61
507.519,99.48,104.5,105.12,105.76,106.33,109.31
507.975,100.98,99.6,96.72,107.36,109.03,114.01
508.431,105.18,109,107.62,111.66,107.73,120.01
508.886,104.58,114.1,112.62,108.56,111.93,120.91
509.342,107.58,120.4,112.42,112.06,115.73,120.61
509.797,111.88,107.7,108.62,115.36,110.93,119.81
510.253,111.08,114.8,116.82,117.96,115.63,120.81
510.708,111.28,122.5,117.62,110.56,119.63,122.61
511.164,113.78,125.9,108.32,116.16,117.63,122.71
511.619,117.58,119.6,119.62,122.56,121.83,125.01
512.075,117.28,112.5,116.32,120.86,113.33,124.11
512.53,115.58,122.5,115.12,120.06,116.43,120.71
512.985,114.58,125.4,123.92,123.96,128.33,121.61
513.441,124.88,122.9,120.22,127.16,129.43,126.31
513.896,128.18,119.6,126.52,130.46,125.63,125.81
514.351,129.18,125.2,129.02,120.36,124.93,129.61
514.806,129.38,134.7,135.12,129.06,137.73,136.81
515.262,130.68,130.6,126.72,132.26,127.73,133.61
515.717,128.88,124.2,129.52,127.16,126.33,128.91
516.172,139.58,133.9,139.22,134.56,136.43,132.11
516.627,138.08,140.8,137.82,133.46,138.73,131.61
517.082,139.18,144.7,136.32,135.66,134.33,134.21
517.537,138.58,133.3,136.12,140.16,133.53,133.81
517.992,136.98,142.6,140.92,133.96,137.43,140.51
518.447,144.98,145,150.12,137.36,143.83,137.91
518.902,145.78,150.5,147.52,143.56,140.23,139.11
519.357,149.58,144.2,152.42,151.66,148.83,148.41
519.812,146.28,153.1,152.22,148.76,148.03,155.81
520.267,151.28,163.6,157.52,146.76,159.03,148.71
520.722,156.38,165.4,155.22,157.76,156.83,152.61
521.177,159.78,157.3,159.12,160.46,154.23,157.01
521.632,163.48,158.7,164.02,153.96,154.83,157.81
522.087,167.48,172.2,168.92,165.36,164.83,159.01
522.541,159.28,161.9,153.62,154.76,163.83,154.21
522.996,165.88,162.9,161.52,158.96,157.13,159.91
523.451,172.38,166.3,159.62,165.66,156.93,166.21
523.906,170.28,180.2,172.42,162.76,167.33,167.51
524.36,186.78,184.5,179.92,174.46,178.93,173.51
524.815,182.68,168.7,181.02,173.16,170.03,172.81
525.27,175.78,181.2,174.52,172.76,169.43,179.51
525.724,187.28,189.6,184.42,173.66,177.33,174.31
526.179,180.98,183.6,176.22,182.16,186.43,175.71
526.633,185.88,185.7,182.72,179.26,175.83,185.91
527.088,195.48,192.3,188.12,190.26,186.53,183.31
527.542,192.78,194.3,180.42,186.96,186.33,181.31
527.997,196.58,199,193.62,191.86,185.43,186.21
528.451,200.18,195.7,195.42,193.86,187.13,186.01
528.906,197.48,189.9,195.52,193.36,187.53,194.91
529.36,192.78,196.1,190.12,184.96,198.03,190.01
529.814,198.58,201.5,196.52,191.56,198.83,193.11
530.269,192.88,205.8,190.42,191.76,196.23,195.21
530.723,203.48,203.9,199.42,199.96,196.43,197.71
531.177,209.18,208.1,205.12,204.06,203.03,200.91
531.631,211.98,214.3,208.02,212.06,205.63,205.11
532.086,211.28,214.5,213.92,215.26,211.13,210.11
532.54,215.98,209.2,211.02,213.46,205.63,208.21
532.994,213.78,217.1,223.42,210.16,202.53,207.41
533.448,222.08,224.2,223.12,215.46,221.63,207.21
533.902,220.98,215.8,215.52,218.96,212.53,209.91
534.356,223.08,218.7,219.32,220.06,212.13,215.61
534.81,222.48,228.3,224.72,218.16,218.73,223.61
535.264,222.98,227.6,224.32,218.86,217.63,207.41
535.718,221.48,226.2,229.32,219.16,224.43,215.91
536.172,232.08,226.9,228.72,231.26,224.43,225.71
536.626,229.78,231.8,233.32,230.46,230.13,224.91
537.08,235.28,242.2,239.62,232.06,240.03,227.41
537.534,239.48,234.3,231.72,239.86,230.63,223.51
537.988,233.68,236.5,239.42,238.76,228.63,231.11
538.442,237.18,242.5,235.12,231.76,232.63,236.11
538.896,241.18,249.1,241.02,242.66,237.53,235.61
539.349,245.38,246.2,245.12,243.56,243.73,239.41
539.803,250.28,248.6,247.02,250.66,239.33,249.11
540.257,245.38,245.4,247.72,247.86,243.53,240.91
540.711,251.38,263,252.62,247.16,253.93,243.51
541.164,256.88,251.6,249.42,251.86,258.63,245.11
541.618,253.98,252.1,251.62,261.96,253.53,258.71
542.072,254.48,244.2,250.92,247.36,240.13,240.51
542.525,260.08,260.2,256.42,256.56,257.13,246.21
542.979,257.28,277.9,266.52,263.06,263.93,259.01
543.432,266.38,259.2,265.92,261.66,255.03,258.61
543.886,266.48,264.8,261.22,251.06,252.43,252.41
544.339,259.98,267.6,266.12,253.66,264.73,255.91
544.793,260.98,271,280.32,264.16,271.13,262.91
545.246,262.78,267.4,264.82,272.66,263.93,262.71
545.7,277.68,267.9,270.92,269.56,261.93,266.11
546.153,275.48,270.7,269.42,267.86,266.73,263.71
546.606,276.98,271.8,263.02,261.96,273.93,268.01
547.06,274.58,271.8,274.02,275.66,267.53,265.51
547.513,275.48,270.7,274.02,275.46,275.43,265.91
547.966,278.78,284.2,272.82,277.16,274.03,270.11
548.42,287.38,285.5,279.82,279.96,281.23,274.91
548.873,282.28,284.8,283.42,284.96,276.83,282.91
549.326,281.68,283.8,281.12,277.66,275.13,277.31
549.779,284.68,281.2,280.12,274.46,277.63,277.21
550.232,284.08,287.7,283.02,276.36,278.63,275.41
550.685,286.58,289,285.72,285.86,282.73,286.11
551.138,291.78,287.4,288.52,284.06,279.53,286.11
551.592,293.38,292.6,290.82,281.06,284.63,283.51
552.045,288.58,295.5,290.82,291.66,293.13,285.41
552.498,299.18,299.2,286.02,291.76,286.93,290.61
552.951,296.78,293,292.32,295.66,286.73,294.11
553.404,307.28,291.1,287.32,293.16,296.23,284.51
553.856,294.58,304.1,295.32,289.46,294.53,292.71
554.309,297.18,304.5,300.12,294.06,294.43,296.91
554.762,292.98,295.9,297.72,296.96,286.23,293.31
555.215,297.78,303.4,298.42,291.36,298.53,294.21
555.668,300.88,301.7,301.02,294.66,308.63,294.91
556.121,298.78,303.7,301.82,305.16,301.03,298.31
556.574,300.18,292.3,305.02,295.46,287.83,300.11
557.026,305.78,295.2,299.72,289.66,291.63,287.51
557.479,304.08,308.2,300.02,293.16,300.13,293.91
557.932,301.58,300.8,302.92,294.26,296.33,298.41
558.384,298.78,296.3,307.72,299.16,301.13,297.41
558.837,301.08,302.5,305.92,299.66,293.73,286.51
559.29,304.68,309.6,307.02,293.36,302.43,301.01
559.742,299.88,306.9,300.22,295.36,312.03,296.71
560.195,306.88,307.8,303.82,303.26,302.33,313.71
560.647,304.88,301.8,299.32,294.96,297.03,297.21
561.1,305.08,309.1,300.52,295.86,305.53,291.81
561.552,304.78,305.2,305.92,305.86,298.63,300.61
562.005,307.48,306.6,302.12,306.76,296.83,301.41
562.457,306.58,303.1,304.52,305.76,302.83,296.41
562.91,302.58,306.7,310.32,300.36,307.73,295.71
563.362,310.58,311.8,302.52,304.36,304.93,299.61
563.814,302.58,304.2,300.42,299.76,296.23,297.11
564.267,307.98,304.8,305.92,302.16,302.23,300.71
564.719,312.28,307.2,305.52,304.06,302.23,303.01
565.171,308.58,315.4,297.12,302.96,306.23,305.31
565.624,305.58,311.3,300.92,312.76,303.83,303.31
566.076,311.78,302.1,307.32,305.46,294.63,298.01
566.528,310.38,306.5,301.82,308.06,306.33,294.81
566.98,307.68,323.4,309.72,295.76,307.53,302.11
567.432,306.28,311.4,307.22,294.66,297.93,304.51
567.884,304.78,306.9,307.42,294.06,302.23,305.41
568.337,309.08,303.3,303.42,301.86,302.23,297.51
568.789,304.38,309.8,306.02,295.66,306.23,290.31
569.241,304.98,307.9,303.22,302.76,297.73,297.91
569.693,308.18,298.6,299.52,297.96,295.93,293.21
570.145,301.78,302.9,294.72,299.06,298.73,297.21
570.597,305.38,307.6,301.52,294.06,293.93,293.41
571.049,306.28,315.1,306.82,302.06,297.73,302.11
571.5,308.08,299.6,307.22,299.06,294.73,291.31
571.952,302.18,303.4,301.32,294.56,299.83,294.31
572.404,305.48,313.8,305.72,293.16,294.13,288.91
572.856,308.98,311.8,303.82,303.36,301.83,295.21
573.308,301.98,303.7,296.62,298.46,293.53,287.91
573.76,298.88,286,291.42,293.86,293.63,294.71
574.211,294.78,299.5,299.52,290.56,300.03,287.11
574.663,305.78,310.4,287.62,300.56,299.03,293.31
575.115,300.88,294.4,296.02,305.56,291.13,294.31
575.567,301.58,297.7,293.92,295.16,294.13,291.41
576.018,294.68,302.1,298.42,285.36,301.03,288.41
576.47,299.58,301.1,295.02,291.86,289.33,289.21
576.921,296.48,296.1,292.02,294.26,284.53,285.41
577.373,291.98,287.3,286.92,290.66,292.73,285.81
577.825,290.28,286.3,289.42,286.16,288.63,279.51
578.276,290.58,292.8,293.62,284.86,289.73,284.01
578.728,293.48,283.7,281.12,292.86,284.93,285.91
579.179,284.78,287.2,289.72,284.56,287.83,282.11
579.63,288.18,294.5,284.92,283.16,289.43,276.81
580.082,288.78,293.2,283.72,281.26,279.53,279.71
580.533,290.18,285.2,282.72,281.06,279.13,284.11
580.985,288.98,285,282.42,283.36,279.33,277.91
581.436,279.58,281.5,277.42,274.86,277.43,276.21
581.887,280.78,282.8,278.92,271.26,270.73,268.51
582.339,284.68,278.7,278.32,279.06,271.13,270.11
582.79,283.38,278,275.72,272.96,278.53,272.21
583.241,278.78,277.2,278.22,274.86,282.93,268.41
583.692,272.48,283.2,268.82,271.76,272.73,271.21
584.144,274.48,281.7,272.12,276.86,263.93,264.51
584.595,263.48,264,276.72,267.56,266.73,255.31
585.046,275.38,268.5,268.32,262.46,273.03,263.51
585.497,273.78,274.1,270.02,273.96,267.33,257.71
585.948,275.68,279.8,264.12,267.16,262.23,262.81
586.399,274.88,267.8,261.72,266.56,260.93,262.61
586.85,268.78,263.1,269.62,269.16,262.13,257.91
587.301,266.98,272.2,271.12,261.66,265.93,260.71
587.752,262.68,275.1,262.92,263.96,267.53,258.21
588.203,257.78,255.7,269.42,260.86,259.33,250.71
588.654,265.98,261.5,260.92,256.16,263.93,248.71
589.105,264.78,269.8,256.32,257.06,260.23,254.81
589.556,259.78,264.6,263.62,260.66,252.33,250.31
590.007,259.18,258.1,257.52,250.86,253.33,256.81
590.457,264.08,254.1,258.62,252.16,255.03,258.61
590.908,257.08,253.3,252.72,246.56,247.73,248.61
591.359,253.38,260.6,251.12,247.56,244.73,244.51
591.81,250.28,257,244.82,246.96,240.43,242.11
592.261,252.88,251.3,248.42,245.96,243.63,240.01
592.711,248.78,252.5,255.32,244.36,246.53,243.01
593.162,251.18,257.4,249.52,249.06,243.83,246.71
593.613,253.48,255.6,251.42,253.66,240.73,241.51
594.063,249.18,251.2,242.52,247.76,240.83,243.51
594.514,237.98,245.4,236.92,235.76,243.93,235.91
594.964,246.18,249.8,247.82,245.16,236.13,246.91
595.415,244.58,240.6,242.22,243.26,235.73,230.51
595.865,244.48,244.9,239.52,234.66,236.33,227.31
596.316,246.18,241,243.02,232.46,234.03,224.21
596.766,251.98,245.3,242.02,234.36,233.93,228.71
597.217,242.38,243.1,241.62,240.06,230.03,227.81
597.667,240.28,233.3,236.62,230.16,223.83,222.81
598.118,239.68,228.9,232.02,230.76,232.13,223.21
598.568,232.28,242,233.32,225.56,216.53,226.71
599.018,244.08,232,228.92,232.06,230.43,225.31
599.469,234.18,228.5,227.72,224.96,227.53,215.41
599.919,233.18,233,233.92,221.96,228.43,226.51
600.369,233.18,228,228.62,228.96,228.23,217.81
600.82,227.98,227.7,225.32,224.96,219.93,213.91
601.27,228.28,218.6,219.92,217.06,224.53,212.51
601.72,228.48,218.7,223.32,218.76,218.43,214.01
602.17,228.78,230.6,229.02,218.96,218.73,221.21
602.62,226.28,225.8,222.32,217.66,214.93,218.01
603.07,222.58,222.3,216.82,221.46,215.73,214.61
603.52,220.88,212.5,217.32,210.36,214.03,211.51
603.971,220.58,223,222.82,202.96,207.73,207.61
604.421,217.28,219.4,212.42,203.36,200.23,198.71
604.871,217.78,214.1,209.82,205.86,207.43,198.71
605.321,214.38,208.2,208.92,204.36,209.63,194.71
605.771,214.58,213.1,208.42,199.16,205.93,201.81
606.221,211.38,204.1,202.72,200.16,194.23,190.01
606.67,209.88,201.4,202.22,199.06,194.13,192.61
607.12,206.08,199.1,195.02,193.96,197.63,201.11
607.57,202.88,202.7,196.02,190.56,189.13,200.41
608.02,196.58,204.3,195.02,195.06,188.83,198.21
608.47,202.88,200.5,197.52,200.16,191.53,191.81
608.92,201.48,192.5,198.62,189.16,200.63,191.41
609.369,196.38,198,196.12,196.06,193.03,191.61
609.819,190.78,200,194.12,196.66,187.43,193.91
610.269,195.78,195.2,189.42,191.66,187.73,180.61
610.719,188.48,194.2,189.32,181.36,190.93,177.61
611.168,182.58,182.3,187.52,175.36,178.73,178.11
611.618,187.58,192,182.42,184.76,173.23,177.31
612.067,195.58,190.5,185.52,192.66,185.53,180.41
612.517,187.78,173.7,177.12,172.56,178.03,171.11
612.967,182.48,182.4,183.72,179.06,172.63,176.41
613.416,179.68,184.1,170.92,178.46,171.83,173.31
613.866,169.38,177.5,171.32,172.06,172.43,168.71
614.315,174.68,180,176.02,171.26,173.53,169.91
614.765,176.98,174.6,176.62,164.16,171.23,173.61
615.214,174.68,175.4,174.62,172.16,164.63,167.61
615.663,171.38,176.1,169.82,170.16,170.33,162.31
616.113,170.28,166.9,171.82,163.26,170.53,161.01
616.562,167.38,162.6,166.92,155.46,165.43,159.31
617.012,175.08,167.3,163.02,167.96,166.03,165.71
617.461,174.68,171.7,167.02,159.06,167.13,161.51
617.91,164.08,158.4,164.72,161.66,159.33,156.91
618.359,169.08,160,161.42,158.36,168.03,160.91
618.809,163.48,162.1,162.92,159.26,154.23,159.71
619.258,166.28,167.6,162.32,166.96,155.43,157.51
619.707,161.98,159.9,161.22,159.66,157.63,152.51
620.156,164.48,160.4,161.62,157.06,161.73,158.91
620.605,157.78,163.2,155.22,152.26,152.63,158.01
621.055,154.08,160.8,158.82,152.86,151.03,150.41
621.504,157.58,150.2,148.42,147.76,149.43,149.01
621.953,153.78,153,148.02,149.06,154.23,143.21
622.402,154.68,154.3,153.22,149.76,145.43,150.61
622.851,158.18,161.2,150.72,159.76,149.43,149.11
623.3,150.08,156,149.92,148.06,147.13,144.81
623.749,150.38,143.1,152.82,139.66,145.33,149.41
624.198,145.88,148.7,143.72,142.76,141.03,144.31
624.647,145.48,153.3,144.22,148.06,140.03,145.11
625.095,144.18,144.9,140.12,138.46,139.93,136.41
625.544,139.78,140.4,140.82,140.86,138.83,138.21
625.993,142.68,142.6,143.52,138.26,132.43,140.51
626.442,144.28,150,148.12,148.16,144.23,143.51
626.891,139.58,134.9,130.62,135.26,137.33,124.71
627.34,144.38,130.8,139.12,137.96,136.73,134.91
627.788,135.18,132,136.12,124.76,128.83,132.91
628.237,134.18,134.1,136.52,135.16,126.33,129.81
628.686,133.08,132.7,129.42,135.26,131.43,124.31
629.134,131.18,125.4,126.52,124.96,129.53,124.91
629.583,132.78,126.6,124.72,121.66,120.93,128.21
630.032,126.68,137.7,126.02,122.56,123.03,120.91
630.48,129.38,127.1,127.62,128.66,124.53,122.11
630.929,125.28,123.5,129.32,131.56,134.53,127.51
631.377,124.58,121.9,129.82,117.46,121.63,124.61
631.826,127.78,126,121.52,121.66,121.53,117.91
632.274,125.18,127.8,126.12,127.66,123.23,121.41
632.723,128.08,118.9,127.02,118.56,118.33,122.91
633.171,121.58,121.9,122.02,122.96,117.03,127.21
633.62,120.28,117.3,120.32,116.96,113.43,117.21
634.068,120.68,120.3,114.32,113.66,111.13,109.21
634.516,111.18,109.3,112.22,112.16,110.13,107.21
634.965,114.28,112.7,114.22,113.96,110.23,107.11
635.413,115.88,124.5,114.52,116.46,108.83,111.11
635.861,110.98,113,109.12,113.56,110.83,106.51
636.31,115.88,108.8,113.62,108.46,115.33,110.31
636.758,110.88,99.3,112.32,110.96,106.53,104.51
637.206,103.88,98.7,106.72,103.26,94.93,98.11
637.654,107.08,116,111.32,113.96,101.63,106.71
638.103,110.98,102.2,108.72,108.76,107.83,104.01
638.551,107.38,103.4,100.52,99.66,101.23,106.91
638.999,105.18,105.5,105.22,107.76,97.73,96.51
639.447,97.48,105.2,96.32,102.16,96.03,98.21
639.895,104.68,105.1,105.12,102.76,107.73,101.91
640.343,102.18,104.6,102.92,102.36,101.63,102.21
640.791,91.78,103.8,96.82,96.86,95.13,91.71
641.239,99.38,103.2,98.72,98.56,95.23,93.31
641.687,106.68,105,105.12,103.26,108.73,96.91
642.135,93.58,97.2,99.62,89.76,99.53,99.41
642.583,97.48,103.6,97.92,93.76,93.73,97.01
643.031,92.38,99.6,93.72,94.96,87.23,87.61
643.479,92.08,90.6,93.42,89.76,91.33,87.11
643.927,90.38,85.1,87.92,85.16,90.33,90.51
644.374,100.08,88.9,90.02,80.96,87.93,86.31
644.822,90.88,95.7,93.42,89.26,90.73,91.01
645.27,95.68,92.9,86.52,90.96,94.03,90.11
645.718,87.28,83,89.92,82.06,89.73,90.91
646.166,93.58,93.2,95.92,93.06,86.23,91.61
646.613,84.38,88.1,91.82,83.66,86.53,81.61
647.061,86.88,87,90.02,82.56,88.03,82.11
647.509,83.38,80.5,85.42,83.56,89.53,84.41
647.956,83.28,88.4,86.52,81.96,82.73,82.01
648.404,85.68,90.6,85.82,82.16,80.03,80.21
648.851,83.88,90,83.62,79.66,81.73,83.41
649.299,88.88,76.2,81.82,77.46,78.33,81.11
649.747,81.88,86.8,80.02,79.36,75.73,83.91
650.194,83.88,86.3,85.72,83.26,83.13,79.61
650.642,80.48,90.3,81.72,81.16,79.13,80.01
651.089,71.58,75.3,76.72,74.96,72.03,77.81
651.537,71.28,70.2,75.62,68.26,73.53,71.41
651.984,72.58,73.6,76.62,74.66,68.23,75.71
652.431,78.38,79.9,75.32,80.96,78.83,75.41
652.879,77.38,69.6,70.02,74.96,75.63,72.41
653.326,79.58,77.2,84.52,78.86,79.63,80.61
653.773,77.78,82.4,74.42,75.06,72.93,75.31
654.221,80.18,84.2,76.02,74.96,79.33,76.31
654.668,75.38,75.6,73.92,71.56,78.43,78.11
655.115,71.78,65.6,66.42,68.06,69.93,69.81
655.562,69.58,78.2,72.52,73.66,69.33,67.81
656.01,71.08,75.1,68.42,71.06,72.13,74.11
656.457,73.58,68.2,70.22,69.26,71.93,69.91
656.904,73.08,73.6,69.62,65.86,67.63,73.41
657.351,75.78,73.6,73.62,69.06,70.23,68.01
657.798,72.28,73.6,69.42,69.06,69.83,71.81
658.245,71.98,67.7,70.22,74.96,75.13,67.91
658.692,69.98,65,67.72,66.56,64.63,68.51
659.139,65.98,68.8,65.22,65.66,65.93,63.21
659.586,63.08,67.5,63.92,66.66,65.13,62.31
660.033,65.38,60.7,61.52,60.26,59.93,63.91
660.48,53.28,51.7,61.22,55.66,59.93,61.81
660.927,53.88,52.6,61.22,51.06,59.33,57.91
661.374,63.18,65.5,63.12,63.66,64.33,59.91
661.821,62.18,68.3,65.02,62.86,69.43,67.31
662.268,58.58,57.4,57.82,56.26,61.63,61.41
662.715,54.18,57.2,56.42,55.96,55.53,53.91
663.162,59.68,63.9,60.52,62.26,56.33,55.31
663.608,56.28,65.7,61.32,66.26,64.13,60.01
664.055,58.68,54.9,57.72,52.06,56.43,57.61
664.502,54.78,50,56.62,55.66,53.73,55.81
664.949,51.58,58.4,59.52,57.56,53.93,52.71
665.395,62.08,57,59.12,60.66,63.53,52.51
665.842,55.38,54.1,51.62,51.06,53.73,51.11
666.289,52.08,53.8,55.42,50.06,47.63,53.91
666.735,49.18,60.6,52.62,54.66,54.73,49.61
667.182,49.88,59.5,53.32,57.86,56.23,54.71
667.629,53.38,50.6,48.12,51.16,51.93,50.71
668.075,44.68,48.4,51.22,41.06,43.53,45.61
668.522,50.28,50.4,54.72,50.96,47.63,48.11
668.968,51.58,52.5,51.82,53.16,53.93,48.91
669.415,52.78,45.9,45.82,49.86,48.73,50.71
669.861,51.68,45.2,47.02,47.96,48.63,47.81
670.308,50.38,54.1,54.02,52.86,51.73,49.11
670.754,48.88,53.2,51.32,51.76,48.13,48.71
671.2,42.68,44.6,46.02,45.56,42.33,47.71
671.647,42.88,45.8,51.82,48.46,43.03,47.21
672.093,45.28,46.5,51.42,49.36,47.43,44.71
672.539,47.38,51.8,46.62,51.96,52.33,48.51
672.986,47.08,50.4,46.92,46.26,48.13,52.01
673.432,45.08,38.3,42.82,43.06,43.33,43.61
673.878,43.28,49.2,41.62,42.76,42.93,42.31
674.324,40.08,45.1,42.82,42.46,45.03,37.31
674.771,44.88,41.9,40.92,38.96,43.63,45.81
675.217,41.98,35.4,39.42,35.46,40.43,40.41
675.663,40.98,38.1,42.62,41.16,32.53,38.31
676.109,42.78,46.3,40.02,44.96,41.43,42.81
676.555,40.18,37.4,36.22,39.86,42.73,43.11
677.001,39.98,38.8,45.92,44.66,40.63,42.41
677.447,42.08,43.2,43.82,43.56,39.63,44.71
677.893,43.98,45,43.72,43.56,46.83,44.31
678.339,38.18,42,42.02,41.76,45.13,41.41
678.785,36.38,33.5,38.22,35.86,35.63,35.71
679.231,29.08,34.8,39.22,34.66,34.23,30.71
679.677,33.78,38,34.72,34.66,33.63,29.91
680.123,39.58,40.7,36.62,42.96,45.93,36.91
680.569,37.78,38.2,38.62,32.46,36.43,42.21
681.015,33.08,42.1,41.22,39.66,37.73,38.91
681.461,32.78,39.3,42.72,39.26,39.53,45.01
681.907,34.08,32.8,34.02,34.26,40.13,40.51
682.353,29.98,33.4,32.72,32.66,33.23,34.21
682.798,31.38,28.6,30.92,29.26,33.73,33.31
683.244,33.48,31.2,33.62,31.46,32.83,26.41
683.69,34.68,41.3,38.32,38.06,38.73,34.21
684.135,27.08,26.9,32.72,26.36,27.83,27.71
684.581,31.38,26.8,31.42,30.06,28.23,28.51
685.027,28.38,28.8,32.32,31.16,25.03,32.21
685.472,35.88,35.2,33.52,35.76,37.63,32.51
685.918,36.18,27.5,32.12,29.56,30.03,29.91
686.364,30.48,25.6,36.92,30.66,28.43,29.71
686.809,27.18,27.4,28.02,28.56,27.73,27.61
687.255,30.28,31.6,34.62,29.16,34.53,30.31
687.7,25.08,31.8,28.82,31.26,28.63,31.51
688.146,31.98,24.1,27.72,29.36,27.83,28.11
688.591,31.18,29,31.32,26.06,29.43,26.91
689.037,32.38,35,35.32,40.96,38.93,32.41
689.482,26.18,28.5,28.42,31.06,32.63,32.81
689.928,23.48,26.1,26.52,21.96,25.43,28.11
690.373,23.98,23.9,28.22,31.36,28.33,28.01
690.818,26.28,25.1,25.62,24.76,24.63,23.31
691.264,25.78,29.3,31.02,23.36,27.83,28.71
691.709,28.28,23.3,25.82,26.06,24.83,23.61
692.154,17.28,19.1,25.52,22.06,18.83,17.91
692.6,24.88,28.2,29.62,30.36,30.43,26.71
693.045,29.18,27.8,28.02,28.86,32.23,30.61
693.49,27.08,27.3,30.52,26.26,25.43,27.41
693.935,28.98,27.8,27.82,23.76,28.13,25.71
694.38,30.18,25.9,25.92,26.76,32.63,27.11
694.825,25.98,28.2,23.42,27.86,24.73,32.01
695.271,27.28,26.4,26.42,24.96,29.93,25.01
695.716,16.58,19.5,22.62,21.86,16.83,15.11
696.161,20.38,29.2,24.62,21.56,25.53,24.51
696.606,18.38,21.5,27.32,23.86,23.83,24.91
697.051,18.48,20.2,22.92,20.36,19.33,22.91
697.496,18.08,18.5,24.32,18.96,19.63,22.31
697.941,20.48,20.9,23.02,19.16,20.03,18.51
698.386,25.88,24.7,24.72,25.46,26.23,26.11
698.831,23.38,21.4,25.62,17.16,22.53,23.91
699.276,19.68,21.2,24.42,21.76,18.03,18.21
699.721,19.38,27.3,25.42,25.56,26.43,22.91
700.165,15.98,24.7,18.32,18.86,16.53,16.71
700.61,15.08,19.6,18.62,13.56,16.43,18.01
701.055,15.98,13.4,20.22,12.46,14.63,12.91
701.5,21.98,24.9,24.72,26.06,23.13,22.01
701.945,26.08,29.1,22.72,31.66,29.13,29.91
702.389,19.28,16.8,16.52,16.16,22.93,19.61
702.834,16.68,13.8,18.82,17.86,18.73,15.01
703.279,14.38,20.5,20.02,22.06,24.13,18.01
703.724,20.48,28.4,24.42,22.86,27.63,25.21
704.168,19.68,22.3,18.62,18.76,18.23,20.51
704.613,16.98,15.8,23.32,17.86,19.03,19.11
705.058,16.68,16.1,20.22,20.16,13.23,18.41
705.502,15.28,23.2,14.52,21.86,20.73,22.01
705.947,19.68,16.7,13.12,18.26,20.43,17.11
706.391,16.08,12.9,18.92,13.46,13.33,10.41
706.836,16.18,18.2,17.52,15.46,15.93,18.81
707.28,13.08,19.6,13.52,16.06,17.83,14.21
707.725,12.08,13,12.82,12.96,12.83,15.11
708.169,13.98,10.5,20.02,10.96,15.43,16.61
708.614,15.68,13.3,15.52,18.16,16.63,14.11
709.058,13.88,21.3,14.42,21.26,18.93,17.21
709.502,15.98,15.9,14.72,15.46,11.43,15.61
709.947,16.18,7.6,17.22,12.36,12.73,11.81
710.391,16.08,8.7,18.92,12.76,20.23,16.11
710.835,19.48,18.2,10.62,14.36,16.83,16.51
711.28,11.58,18.5,16.32,14.66,14.33,11.71
711.724,12.78,11.4,10.22,7.86,7.93,17.11
712.168,13.48,10.4,12.42,13.16,11.33,15.01
712.613,17.38,20,17.62,19.76,18.03,19.81
713.057,17.48,20.1,12.82,17.06,17.53,13.91
713.501,16.58,12.3,14.92,18.86,13.13,8.21
713.945,6.18,10.2,15.12,15.76,16.93,9.41
714.389,14.28,16.2,11.92,16.76,15.53,10.31
714.833,19.78,19.6,10.82,15.26,15.13,12.81
715.277,9.68,14.2,12.22,7.86,10.33,9.61
715.722,6.28,11.5,15.52,17.56,14.93,7.01
716.166,16.28,17.3,14.82,18.26,18.53,18.71
716.61,13.48,15.9,15.92,11.46,12.43,13.11
717.054,12.68,9.3,16.52,8.96,12.43,10.41
717.498,12.08,4.9,11.52,10.06,9.43,6.51
717.942,8.58,11.7,12.12,14.66,15.63,14.41
718.385,16.48,20.5,14.12,18.56,14.23,16.01
718.829,16.98,14,13.62,10.66,12.43,8.51
719.273,13.48,6.8,9.12,13.06,12.03,7.81
719.717,2.38,9.1,11.62,10.26,15.43,11.81
720.161,15.58,16.1,11.12,16.76,17.73,17.41
720.605,11.08,12.3,13.12,13.06,10.03,13.41
721.049,6.58,2.1,10.32,6.86,11.13,5.21
721.492,7.68,10.3,12.22,9.16,13.83,10.31
721.936,6.78,14.3,10.82,9.26,6.63,10.31
722.38,13.28,13,13.12,12.26,13.13,11.61
722.824,7.28,8.8,8.52,6.76,12.53,7.51
723.267,10.58,9.4,11.12,10.96,14.73,12.01
723.711,6.88,14.3,11.82,9.46,14.83,8.91
724.155,7.68,11.4,9.92,6.36,3.53,4.01
724.598,7.08,2.6,3.92,7.16,5.93,4.71
725.042,7.38,7.3,11.62,11.36,10.33,8.01
725.485,8.28,8.8,5.22,9.16,10.83,9.61
725.929,10.78,13.4,14.92,9.16,12.23,10.91
726.372,5.38,4.7,11.62,6.56,2.73,5.61
726.816,5.08,3.3,9.72,9.56,8.13,5.11
727.259,2.18,8.2,5.42,5.36,7.43,6.41
727.703,13.08,13.8,13.92,11.36,8.33,10.11
728.146,9.48,5.2,8.22,3.66,5.93,5.41
728.59,2.28,9.6,10.32,5.26,13.13,8.71
729.033,8.58,9.8,10.42,10.16,10.83,10.91
729.476,10.68,12.3,10.62,7.06,11.53,8.01
729.92,1.48,1.1,6.62,4.66,2.23,-1.89
730.363,6.08,3,16.42,12.66,14.83,7.21
730.806,7.68,11.6,12.12,11.06,9.13,9.21
731.25,12.58,18.5,14.62,18.16,13.63,10.91
731.693,4.98,2.9,0.32,-0.44,2.23,5.11
732.136,8.38,5.4,14.22,10.76,10.93,6.61
732.579,4.38,4.1,2.52,5.66,9.43,5.11
733.023,10.78,11.3,14.02,16.46,9.33,6.91
733.466,5.28,7.8,0.72,2.26,3.83,-0.99
733.909,4.18,2.3,9.12,7.86,6.63,5.31
734.352,7.78,10.9,11.22,10.96,8.73,9.11
734.795,4.58,10.8,6.62,11.56,5.73,5.41
735.238,5.28,10.2,4.42,6.36,5.13,6.61
735.681,10.78,9.9,15.12,13.36,10.83,11.51
736.124,10.08,6.4,8.02,6.66,7.83,10.51
736.567,13.58,10.4,9.72,9.26,7.13,8.01
737.01,6.98,9.4,9.02,7.06,4.13,7.11
737.453,5.78,4.7,10.02,6.16,7.33,7.71
737.896,6.98,8.3,10.32,9.16,10.53,11.21
738.339,5.78,15.8,5.72,15.56,6.73,7.31
738.782,6.78,8.4,10.72,8.16,5.03,9.31
739.225,2.18,-4.5,0.92,0.06,2.33,-0.79
739.668,0.08,-0.5,6.12,5.46,5.73,6.41
740.111,7.28,5.2,5.32,5.66,5.53,4.71
740.553,7.78,5.6,11.62,5.36,9.73,3.01
740.996,2.38,7.3,7.42,3.86,7.83,7.31
741.439,2.78,5.1,6.12,7.26,12.23,6.71
741.882,5.58,12,4.02,8.16,4.23,4.21
742.325,4.88,9.9,3.72,5.66,5.63,3.91
742.767,4.28,0,-0.58,4.76,7.93,6.51
743.21,8.98,7.4,8.52,9.76,16.23,9.91
743.653,2.88,10.8,7.92,4.86,7.43,4.21
744.095,13.98,17.3,12.52,12.36,9.03,3.51
744.538,3.98,4.1,0.72,2.16,3.33,3.81
744.98,2.78,3.1,5.62,6.46,9.73,4.71
745.423,5.58,11.3,6.82,8.36,10.23,7.81
745.866,9.28,10.6,9.12,10.36,5.63,10.71
746.308,0.68,5.4,4.32,0.66,2.43,1.11
746.751,9.28,8.6,16.52,10.36,17.83,9.61
747.193,3.18,8.2,12.32,2.56,6.63,7.01
747.635,8.38,11.2,11.02,12.36,4.83,12.01
748.078,7.88,1.9,9.82,1.46,4.73,-1.49
748.52,5.08,2.3,9.42,5.36,8.43,3.51
748.963,1.38,5.4,4.42,8.86,1.73,6.81
749.405,11.08,14.1,7.52,6.76,5.33,5.81
749.847,2.08,1.9,7.62,5.46,4.73,4.91
750.29,3.48,2.4,5.62,7.66,9.03,3.91
750.732,8.48,6.2,7.22,9.66,7.13,9.51
751.174,4.08,9.3,3.12,6.06,2.43,4.81
751.617,0.78,5.7,4.62,4.16,4.23,1.51
752.059,1.48,-0.2,2.92,1.06,5.23,0.71
752.501,6.28,2.8,9.52,6.26,6.43,1.71
752.943,6.98,3.1,6.72,2.66,1.73,2.11
753.385,7.78,8.9,3.02,3.86,2.63,5.61
753.828,0.28,-2.9,-0.38,-0.94,3.83,-2.59
754.27,4.88,1.7,2.02,3.46,6.53,1.61
754.712,11.78,11.9,6.72,11.06,9.73,5.81
755.154,8.48,11.2,6.82,6.26,5.03,1.51
755.596,-0.92,-2.9,-0.38,-1.14,-0.67,0.41
756.038,-3.72,1.7,0.12,8.16,2.33,1.01
756.48,4.48,5.4,3.52,7.06,-1.27,-1.29
756.922,0.38,3.2,-0.28,1.36,-2.77,-3.79
757.364,4.78,-0.8,1.52,0.76,6.53,-0.59
757.806,0.88,0,6.02,4.36,7.03,1.21
758.248,3.58,7.6,4.12,9.86,4.23,3.31
758.69,3.88,5,11.02,-0.64,7.23,3.51
759.132,2.78,-3.1,3.62,-1.04,4.03,5.41
759.574,4.98,-0.3,4.22,4.56,8.13,11.71
760.016,0.38,-0.9,0.52,3.66,2.13,-3.79
760.457,4.18,0.1,3.32,2.06,1.93,-0.59
760.899,0.58,0.8,6.02,-0.34,3.83,2.41
761.341,-0.12,3,4.42,5.26,5.13,3.01
761.783,9.58,10.9,9.32,14.26,8.83,7.11
762.224,6.28,6.8,6.62,3.86,3.63,1.71
762.666,-0.42,-1.2,1.12,2.46,5.53,-3.29
763.108,4.88,-1.3,2.82,5.86,7.53,6.51
763.55,-0.42,0.5,2.02,4.56,2.13,-1.09
763.991,7.28,15.4,8.92,9.76,0.43,6.91
764.433,2.48,2.3,8.42,1.66,7.23,3.61
764.874,-9.02,-7.4,-4.68,-3.04,3.03,0.41
765.316,0.98,2.5,0.42,3.76,2.83,0.91
765.758,7.08,5.7,4.22,2.96,0.63,1.61
766.199,5.28,6.1,8.72,3.16,10.13,5.71
766.641,5.28,4.8,9.52,4.96,13.73,8.61
767.082,4.48,3.8,2.62,6.96,4.43,3.51
767.524,5.18,8.3,6.92,7.36,1.93,-4.69
767.965,-0.72,-2.4,1.52,-1.74,0.83,-3.59
768.407,-0.82,-0.8,5.12,-1.04,-0.67,1.81
768.848,1.18,0.2,1.92,5.06,2.43,1.21
769.289,-1.32,6.5,6.52,7.96,1.63,2.11
769.731,1.38,7.9,4.52,1.36,2.53,3.61
770.172,-4.52,0.6,4.42,0.06,6.63,1.21
770.613,2.18,1.5,0.82,2.16,3.23,3.11
771.055,5.78,11.7,7.72,6.16,5.23,2.21
771.496,6.08,8.3,5.72,6.06,1.23,2.81
771.937,-1.52,-0.4,1.92,3.26,5.73,3.11
772.379,-1.42,2.2,5.02,4.36,7.73,2.31
772.82,1.68,9.5,2.42,4.46,0.93,-3.09
773.261,3.28,6.4,3.92,2.46,0.43,0.31
773.702,2.08,-2.6,-1.28,0.26,2.53,0.61
774.143,2.38,5.7,6.12,5.76,2.93,3.41
774.584,1.28,-4.3,-1.38,0.76,-2.17,-1.29
775.026,0.68,3.5,-2.28,-5.94,3.13,-1.49
775.467,2.98,2,5.92,3.76,7.43,7.31
775.908,-4.22,-1,-0.98,1.56,0.23,-3.59
776.349,3.38,3.5,0.92,4.76,1.13,1.01
776.79,4.48,11.2,-0.48,5.46,2.53,2.11
777.231,1.68,-0.1,1.52,3.26,7.03,3.11
777.672,-1.72,-3.3,0.02,3.56,4.03,-0.49
778.113,-3.22,0.5,1.52,4.76,-2.57,1.31
778.554,-3.62,0.4,-0.38,0.66,-2.07,-6.19
778.995,0.28,3.9,6.52,3.16,5.33,7.21
779.436,1.28,-3.4,4.82,1.46,5.33,-1.89
779.876,2.58,4,6.42,4.36,2.73,-2.19
780.317,3.88,5.6,8.02,5.06,6.43,1.81
780.758,3.68,5.4,7.72,4.36,9.13,7.91
781.199,-0.92,2.4,1.02,-0.44,3.23,-5.19
781.64,4.38,5.2,-1.08,3.46,-1.17,-3.59
782.081,3.78,3.2,5.32,4.46,2.33,4.51
782.521,2.88,4,1.02,3.46,6.73,1.81
782.962,1.78,-2.8,3.22,4.46,-0.77,1.21
783.403,1.58,0,4.62,5.26,3.93,2.91
783.843,8.48,12.5,7.52,10.26,2.13,1.91
784.284,3.68,6.8,5.52,2.96,2.83,9.31
784.725,2.58,-0.9,3.22,1.96,4.93,-2.59
785.165,-3.22,0.5,-0.28,-0.54,0.33,-0.89
785.606,-0.02,5.4,2.02,2.56,0.63,-0.99
786.047,5.68,9.1,6.42,7.86,5.63,6.91
786.487,-3.42,-5.8,-3.28,-4.44,-0.17,-1.39
786.928,-2.62,-7,-3.98,-0.04,-5.37,-4.99
787.368,-3.12,3.7,-3.68,-1.24,-3.67,0.11
787.809,3.68,0.5,2.22,0.36,0.43,-0.09
788.249,-0.02,-2.4,1.52,-0.54,1.33,-3.69
788.69,-0.82,-6.9,-2.58,3.96,-2.97,-0.79
789.13,1.58,4.5,2.82,1.16,1.23,1.31
789.571,5.08,7.1,1.52,5.56,6.13,3.01
790.011,-3.72,-4.5,-1.38,-3.04,-2.27,-0.39
790.451,1.88,-3.3,0.82,4.96,-1.97,2.61
790.892,1.38,7.8,4.72,7.26,3.73,-1.39
791.332,-2.62,1.5,-0.38,-5.14,1.03,-2.49
791.772,-5.22,-3.7,-0.18,-1.34,1.63,-2.99
792.213,-0.42,-3.1,1.02,0.26,-2.07,-7.49
792.653,-3.42,1,-1.48,-1.34,-4.27,-1.99
793.093,2.78,5.2,4.62,2.56,-1.17,2.71
793.533,1.48,0.1,1.12,-0.14,6.73,4.21
793.974,1.18,-3.2,1.22,5.86,4.73,1.91
794.414,4.18,3.8,3.02,6.16,0.63,-2.79
794.854,0.48,8.1,2.92,3.46,5.13,5.71
795.294,-2.12,0.4,1.12,2.86,4.93,4.41
795.734,-2.22,-6.9,-0.98,1.06,3.13,-0.99
796.174,0.38,-1.4,-0.68,2.16,1.23,1.21
796.614,2.08,2.5,-4.88,1.96,-1.67,-4.69
797.054,1.78,1.3,3.62,-2.84,8.23,4.11
797.494,-0.62,-5.8,0.82,4.06,2.63,0.81
797.934,0.48,-2.7,-2.38,4.76,-2.37,-5.69
798.374,1.68,1.8,-0.28,-2.74,-2.77,-5.99
798.814,0.08,4.9,2.72,-0.94,5.13,7.01
799.254,0.98,-1.1,1.22,1.16,-1.07,-0.29
799.694,-0.92,2.9,2.32,8.16,0.93,0.11
800.134,4.88,11.5,8.02,5.36,9.03,7.11
800.574,-3.22,1.7,0.52,-2.54,6.13,3.51
801.014,-2.22,-2.3,0.02,0.86,2.23,-2.89
801.454,-3.72,-5,-0.28,-0.54,-2.87,-3.99
801.894,-3.32,1.5,-1.38,-2.54,-1.37,-2.39
802.334,3.58,1.8,-0.88,-2.94,5.33,5.11
802.773,-3.02,-2.6,0.22,0.96,-4.57,-2.49
803.213,-0.52,-0.8,-1.58,3.76,-0.67,-2.19
803.653,-3.62,5,-3.58,-0.64,2.23,-1.89
804.093,0.68,4.7,0.62,-1.74,4.93,6.11
804.532,-7.02,-7.2,-1.38,-0.74,3.03,0.21
804.972,-3.02,0.3,0.62,0.66,-2.27,-3.39
805.412,-1.12,2.9,-0.38,-0.44,-2.97,-2.79
805.851,-0.22,8.6,-1.98,1.76,-0.87,0.91
806.291,6.28,-1.1,3.32,3.86,3.23,7.91
806.731,-1.62,-3.5,-3.38,0.06,-4.67,-0.19
807.17,2.98,7.1,-0.08,4.66,0.53,2.81
807.61,9.88,8.2,6.42,2.46,5.03,9.51
808.049,-3.42,-5.9,-4.48,-3.14,-1.37,4.71
808.489,-0.12,-1.8,4.52,6.26,0.03,0.11
808.928,0.38,7.8,1.92,-1.84,0.83,0.01
809.368,2.48,6.7,8.92,0.16,3.13,7.81
809.807,-0.62,-1.1,-3.68,-4.84,0.73,-1.79
810.247,3.88,4,4.92,2.06,1.83,4.91
810.686,-1.02,1.9,1.02,1.46,0.13,1.61
811.125,4.58,5.2,-1.98,-0.94,3.43,4.91
811.565,-0.82,-0.7,-0.48,1.56,8.13,-0.89
812.004,-2.02,-2.1,0.22,4.76,3.93,0.11
812.444,0.68,-2.9,3.22,2.36,-1.57,3.21
812.883,5.18,7.5,1.32,1.06,-0.17,5.11
813.322,-3.32,-2.3,-5.68,-3.64,1.93,0.41
813.761,-4.42,-5.8,3.22,0.46,-1.37,-1.79
814.201,0.68,1.2,0.62,1.96,0.33,-2.49
814.64,3.38,3,1.32,0.66,0.33,1.81
815.079,-0.92,1.4,2.12,0.96,0.73,-1.39
815.518,-1.92,-4.8,0.92,-2.64,-1.97,-3.19
815.958,2.78,2.6,0.32,5.16,2.43,1.51
816.397,2.88,3.8,-1.08,0.06,0.23,-0.09
816.836,2.68,-1.1,-0.88,-2.24,3.03,1.11
817.275,-5.22,-8.8,1.02,4.86,-4.37,-2.49
817.714,0.08,-0.9,2.12,7.66,0.73,-0.99
818.153,-0.42,0.6,1.22,1.46,7.33,4.01
818.592,4.88,8.2,5.02,7.56,3.53,5.91
819.031,-4.42,-6.6,0.02,2.56,-1.27,-4.99
819.47,-1.72,-7.8,-1.98,0.46,-3.97,-4.29
819.909,-1.72,0.8,0.02,-2.84,-1.57,-4.19
820.348,4.58,2.9,3.52,0.76,11.43,7.11
820.787,-0.72,-0.2,-1.98,0.96,3.13,2.11
821.226,-1.32,-2.5,-1.68,3.86,1.73,0.31
821.665,1.28,8.6,3.32,7.06,5.83,6.21
822.104,0.68,5,-3.78,0.46,4.03,-0.79
822.543,-2.52,-2.6,2.02,3.06,-1.67,-6.09
822.982,-0.02,-0.5,4.02,3.76,-3.17,-0.29
823.42,-1.72,1.4,1.52,-0.34,-0.97,-2.09
823.859,2.58,8.3,0.32,-0.94,4.13,1.21
824.298,1.38,0.6,4.62,3.66,1.13,2.11
824.737,-0.22,0.4,4.82,9.56,-4.27,1.21
825.176,0.48,5,3.22,7.56,0.83,1.91
825.614,3.08,7.3,0.32,3.36,5.03,4.51
826.053,-3.32,-0.6,-3.18,-4.54,-6.87,-2.09
826.492,-0.72,-6.8,-4.68,-0.74,-4.77,-6.99
826.93,-0.52,-0.4,-1.88,-0.24,-5.17,-6.89
827.369,-1.22,1.6,-1.08,-4.94,6.73,3.91
827.808,5.88,3.9,3.32,4.16,5.23,4.91
828.246,-4.82,-6.4,-2.58,1.36,-1.97,-1.59
828.685,-5.42,-2.1,-1.38,-2.54,-1.27,-0.39
829.123,7.68,9.6,3.32,4.76,7.43,11.11
829.562,-2.02,1.8,0.72,0.36,4.13,2.31
830,-3.22,-0.3,-3.58,0.46,0.33,-4.49
830.439,-4.82,-3.6,-4.88,-3.44,-4.57,-5.49
830.877,2.88,4,0.62,3.46,6.83,7.41
831.316,-6.12,-3.1,-2.88,-1.04,1.33,-7.89
831.754,-3.12,-6.6,2.42,-2.14,-1.17,-7.89
832.193,-6.82,-4.3,-1.68,1.66,0.63,-3.39
832.631,0.18,8.1,-2.18,-0.84,3.93,-1.89
833.07,-0.32,1,-2.48,-1.04,2.93,-3.79
833.508,3.28,-1.9,7.32,2.76,-0.37,3.51
833.946,-0.42,-1.6,-4.38,3.66,0.23,0.81
834.385,-0.52,3.6,3.42,-3.24,2.03,1.31
834.823,5.68,8.5,5.32,1.56,9.53,3.71
835.261,0.38,-8,2.42,5.46,-0.17,-4.49
835.7,1.58,-4.6,-1.78,-0.54,-5.17,-4.99
836.138,2.48,1.8,6.62,3.96,7.53,2.31
836.576,-2.02,1.7,-2.78,-0.24,3.43,-3.39
837.014,-1.72,-4.5,-2.38,3.76,1.43,-1.79
837.452,-0.82,-2.5,-0.38,2.76,-1.77,-1.09
837.891,-3.92,-0.3,0.92,-4.24,3.13,-4.29
838.329,1.48,7.8,1.02,-0.54,4.63,1.41
838.767,-1.52,-1,4.22,0.06,0.33,-3.19
839.205,-1.32,-3.3,-2.48,-3.54,-3.47,-4.09
839.643,-4.92,-0.6,-3.98,0.76,-1.17,-0.99
840.081,2.98,8.7,7.32,-1.04,6.43,5.81
840.519,-3.12,-2.1,0.62,0.86,-1.67,-1.39
840.957,-1.62,-5.9,-0.98,-1.94,-7.17,-3.09
841.395,-4.82,-4.9,-2.78,-4.84,-5.37,-2.39
841.833,1.08,5.8,-3.08,-0.34,2.13,2.61
842.271,-2.62,-2.2,0.62,3.56,0.33,-0.89
842.709,-6.52,-2.9,-5.28,3.96,-0.17,-2.69
843.147,-3.62,-2.7,-0.68,1.06,-1.07,-4.39
843.585,0.08,4.1,-2.38,-2.04,4.23,-7.19
844.023,1.68,2.3,3.32,-3.24,1.13,-6.19
844.461,-5.02,-8.2,-3.38,-0.74,-9.17,-6.39
844.899,-5.02,-4,-0.58,-4.54,0.73,0.81
845.336,-0.42,4.6,0.12,-1.54,4.73,-0.29
845.774,-0.72,2.7,1.32,-0.74,0.63,-6.89
846.212,-1.52,-5,-2.48,2.16,-4.77,-3.09
846.65,-0.02,-4.6,-0.88,-1.04,-4.27,-5.19
847.088,2.98,4.4,1.42,0.36,2.13,-3.49
847.525,-0.72,-1.2,-1.88,-3.44,-1.67,-7.09
847.963,0.68,3.3,3.82,6.96,-1.27,-0.49
848.401,-2.12,-1.9,-1.28,-0.24,-1.07,-1.29
848.838,3.98,4.1,5.72,2.06,4.73,4.51
849.276,0.88,5,4.42,0.76,1.53,-0.99
849.714,-2.42,-7.4,2.52,-1.84,-1.87,-5.49
850.151,-0.62,-1.7,-1.78,2.56,-7.37,1.81
850.589,-2.12,1.2,1.82,-2.24,0.33,0.31
851.026,-2.62,1.3,5.52,-0.74,3.23,2.41
851.464,-7.22,-5,-7.38,-5.14,-4.97,-1.29
851.902,-4.62,1,0.02,5.46,1.23,-0.19
852.339,3.78,5.3,5.82,2.66,5.63,0.21
852.777,1.78,6.5,0.92,-7.54,2.93,-5.89
853.214,-9.02,-7.5,1.82,-2.04,-4.97,-5.09
853.651,1.58,-3.7,-2.88,6.06,0.73,-1.19
854.089,2.08,4.9,-1.48,-2.14,1.93,1.11
854.526,2.28,3.1,0.82,1.76,2.83,-0.89
854.964,0.28,-2,0.02,1.06,-3.17,-4.29
855.401,-2.02,-0.7,1.42,2.76,3.83,2.91
855.838,-0.92,-2.4,-1.58,2.06,-1.17,-2.59
856.276,-5.32,-0.3,-4.78,-5.74,-0.67,-6.39
856.713,6.28,4.2,1.02,8.76,6.03,2.41
857.15,-3.42,-4.4,-0.48,4.86,1.13,-1.39
857.588,0.48,-0.3,0.32,1.46,2.93,2.91
858.025,1.68,6.9,5.52,4.96,4.23,-1.19
858.462,-3.22,-3.6,-5.28,-2.84,-3.37,-2.49
858.899,0.58,-4.4,0.92,0.56,-4.67,5.91
859.337,-4.62,-2,-0.98,1.26,-1.27,-0.69
859.774,0.48,2.9,-3.28,-3.44,-0.77,-4.79
860.211,1.78,-3.5,-0.48,-3.44,-0.47,-6.39
860.648,-6.22,-6.2,-4.78,-4.44,-3.07,-7.99
861.085,-4.22,-3.8,-0.78,-3.14,0.43,0.11
861.522,4.88,2.3,3.22,1.66,1.93,0.01
861.959,-7.22,-3.3,0.22,-2.44,-6.87,-4.19
862.397,-5.32,-6.8,-3.88,0.86,-2.27,-6.09
862.834,-5.62,-4.4,-3.98,-0.04,-1.07,-3.99
863.271,-3.72,-0.9,-2.98,-9.04,-3.87,-3.19
863.708,-0.92,3.3,2.92,0.56,2.13,-1.09
864.145,-0.72,-1,0.02,2.16,-2.47,-0.89
864.582,3.88,2.7,4.32,2.26,5.63,5.71
865.019,-2.02,-1.6,-1.48,-1.64,3.03,-3.39
865.456,2.38,-4,-3.88,-5.44,-5.97,-3.09
865.892,1.48,-5.6,0.62,-0.64,-3.87,-3.09
866.329,-4.22,-5.1,-4.38,0.46,-6.47,-2.89
866.766,-2.72,0.1,-1.38,-3.24,0.43,-0.99
867.203,3.08,4.8,3.62,3.06,1.63,4.51
867.64,-2.12,-0.5,-2.78,3.16,-3.87,-0.59
868.077,5.18,-2.1,1.42,9.46,4.73,4.61
868.514,3.88,5.3,5.52,1.76,5.63,-0.19
868.95,-0.82,2.6,1.82,-1.14,-1.57,-2.19
869.387,-2.82,-5.8,-0.68,2.46,-0.47,1.01
869.824,-3.12,-6.5,-7.78,-1.44,-4.37,-0.59
870.261,-0.92,1.9,0.52,0.46,-1.67,-3.19
870.697,0.48,6.9,1.62,0.06,1.23,-2.29
871.134,-3.02,-2.5,6.32,0.56,-0.67,4.01
871.571,-1.92,-11,-5.28,-3.54,-4.87,-3.49
872.007,-0.82,-2.7,-1.48,-0.44,0.63,-6.59
872.444,4.58,6.9,0.72,-3.84,0.53,-0.99
872.88,-7.62,-3,-5.18,-0.44,-1.47,-4.09
873.317,-4.82,-1.9,-2.38,1.86,-2.07,0.81
873.754,7.58,1.4,3.62,3.26,4.03,0.51
874.19,-0.82,5.1,0.62,-4.64,3.13,3.81
874.627,-3.32,-4.5,-0.28,0.66,-3.97,-1.89
875.063,0.68,-8.1,1.92,-5.14,-3.37,0.91
875.5,3.38,5.1,1.82,3.16,9.03,4.21
875.936,-2.12,1.2,-1.78,-9.14,-5.97,-5.59
876.373,0.08,4.4,2.72,2.86,-4.47,-0.09
876.809,-0.52,-6.3,-3.78,1.86,-1.27,1.21
877.246,-2.02,1.6,2.02,-1.04,5.33,2.11
877.682,-0.72,3.4,1.02,-1.84,-3.37,-5.29
878.118,0.48,1.5,0.82,-0.44,-2.77,0.11
878.555,0.18,-3.3,2.82,3.46,1.33,3.11
878.991,-6.92,-2.5,-3.68,0.26,2.23,-0.79
879.427,-3.12,-1.8,-4.18,-2.94,-1.07,-5.29
879.864,3.28,5.9,-0.98,2.16,2.83,-5.29
880.3,-4.62,-1.9,-1.68,2.56,-0.37,-6.19
880.736,-0.02,-0.9,-0.48,-0.74,2.13,-1.19
881.172,3.18,9.7,0.62,5.66,2.83,4.51
881.609,-0.62,0.9,-1.48,0.56,-5.57,-1.89
882.045,-4.62,-5.8,0.42,5.96,0.33,1.01
882.481,-0.72,-3.8,1.52,3.56,-0.17,2.11
882.917,-2.42,0,-1.68,-3.04,1.73,-3.29
883.353,2.98,1.9,4.12,0.16,-1.17,-2.99
883.79,-4.92,-5,0.82,3.66,-0.67,-2.79
884.226,-1.32,0.5,2.52,4.26,6.93,5.91
884.662,-0.92,1.9,-1.58,-6.34,4.73,-0.39
885.098,-0.82,0.9,1.02,2.96,-0.17,-0.79
885.534,-2.42,-1.3,1.52,1.26,-2.37,1.61
885.97,-4.82,-8.3,-2.28,-0.94,-4.87,-2.79
886.406,-3.62,-0.7,-0.08,-5.14,-0.17,-4.39
886.842,2.48,4.3,-2.38,-1.44,-2.77,-2.59
887.278,-1.92,-3.1,-3.48,0.46,-4.97,-3.09
887.714,-4.02,-8.9,-7.78,3.36,0.33,-1.29
888.15,2.58,-1.9,-1.78,1.66,3.83,-4.09
888.586,-1.12,1.4,-4.08,-4.74,-8.57,-7.49
889.022,-4.82,-2.6,-5.58,-2.34,-0.77,0.31
889.458,-5.92,-4,-0.48,0.76,-0.97,-3.49
889.893,-0.92,-3.7,1.02,-7.74,0.43,-3.19
890.329,2.88,4.2,7.22,4.06,3.23,1.71
890.765,0.58,0.7,3.22,0.66,-0.27,0.61
891.201,-3.32,-5.7,-2.58,-0.54,2.53,-0.29
891.637,-2.72,-4.1,-2.88,-3.04,-1.97,-4.19
892.073,-1.72,-3.5,4.22,-3.74,-4.17,-2.09
892.508,-2.12,1.3,-1.98,-1.14,-1.67,-4.39
892.944,-6.52,-8.9,-8.08,-3.74,-8.57,-6.89
893.38,-3.22,0.3,-1.28,-5.64,0.63,-5.89
893.816,-5.22,3.7,-1.78,-4.94,-4.67,-3.99
894.251,-2.72,0,2.72,-1.04,-4.27,-2.59
894.687,0.28,-1.7,0.62,5.66,1.43,2.91
895.123,1.18,0.2,2.22,2.66,2.13,1.11
895.558,0.18,3.7,-3.18,0.36,3.53,-6.19
895.994,-0.02,4.8,-0.18,-0.04,-1.67,3.61
896.429,-2.72,-2.3,0.22,3.16,-1.87,1.31
896.865,-8.62,-5.5,-3.68,0.96,1.03,-2.09
897.301,-4.22,0.1,-0.38,-4.84,2.23,-5.09
897.736,-4.12,2.5,-1.18,-1.74,-3.97,-3.49
898.172,-1.12,-0.1,-3.28,0.36,-4.07,-3.69
898.607,-0.02,-3.6,-5.78,-0.44,3.43,-3.39
899.043,0.68,4.9,-2.58,0.96,0.33,-0.89
899.478,-4.72,5,1.42,-0.84,3.43,-2.29
899.913,-9.02,-6.3,-4.38,-2.24,-1.27,2.51
900.349,-6.12,-9.3,-7.88,-7.64,-3.27,-9.29
900.784,-1.62,2.7,-4.38,-0.04,-0.97,-6.89
901.22,0.88,3.5,2.42,-1.64,0.33,0.41
901.655,-3.62,-0.1,-2.38,1.26,-2.37,0.01
902.09,-7.02,-6.8,-2.88,-3.64,-2.87,-5.59
902.526,-0.32,2.3,4.42,1.06,2.33,-0.49
902.961,2.08,6.8,2.62,2.56,-2.37,2.91
903.396,-2.02,-0.6,-4.88,-1.64,-3.17,0.51
903.832,-0.12,-4.6,-2.68,-0.94,3.23,2.21
904.267,-0.32,-5.1,-3.38,-3.64,-1.27,-1.99
904.702,3.98,2.3,0.92,-2.74,0.93,-0.09
905.137,-1.82,-5.8,-7.38,-2.14,-1.47,1.81
905.573,-5.32,-7.5,-3.28,5.66,-1.47,-1.79
906.008,-3.52,-1.6,-2.48,-5.54,-0.77,-6.79
906.443,0.18,4.8,0.62,-4.74,2.83,-2.79
906.878,-0.62,-0.2,1.32,0.86,-4.37,-3.99
907.313,-2.82,-6.1,-0.98,1.06,1.13,-3.89
907.748,-4.22,-4.2,-3.08,0.16,2.33,-6.49
908.183,6.28,2.5,-0.08,1.66,-2.37,4.21
908.619,-2.12,-1.8,-0.88,-1.94,-0.57,-2.49
909.054,-4.92,-3.4,-1.88,-0.14,-0.17,1.11
909.489,-1.32,-6.5,-1.48,-3.04,-0.87,-1.39
909.924,-4.02,3.1,-0.48,-3.44,-5.27,-3.19
910.359,-4.52,1.9,0.62,1.76,-4.37,-3.29
910.794,-6.02,-3.2,0.82,-0.54,0.13,0.01
911.229,0.88,-5.8,-7.68,-3.04,-2.87,-7.49
911.664,5.78,4.8,0.62,-1.44,0.33,-0.99
912.099,2.78,2.1,4.32,2.46,4.23,4.81
912.533,-5.22,-3.4,1.22,2.26,-0.47,-0.19
912.968,-0.72,-2,3.32,4.56,8.83,-3.29
913.403,0.78,-2.3,-0.98,-4.14,-1.07,-7.39
913.838,-0.62,3.6,1.52,1.66,-1.97,0.41
914.273,-4.22,-8,-1.28,0.76,-0.67,-2.49
914.708,-4.22,-2.8,-4.78,-2.34,2.33,-5.59
915.143,1.18,3.3,0.42,0.76,-2.27,-3.09
915.577,7.88,5.6,2.42,3.06,1.73,2.11
916.012,-2.82,0.9,0.42,2.46,2.43,2.11
916.447,-2.82,-2,-4.38,1.06,3.53,0.11
916.882,-4.92,-3.9,-1.68,-0.24,-1.27,-0.59
917.316,2.38,7.1,-0.18,2.86,0.83,2.51
917.751,0.38,3.4,1.12,5.56,-0.37,2.91
918.186,-4.72,-7.7,-7.68,-2.54,-1.97,-3.99
918.62,4.08,1.7,3.42,-3.54,5.73,4.51
919.055,0.48,5.6,-2.78,0.86,-1.27,1.31
919.49,-4.72,-4.2,-5.08,-4.14,-1.67,-5.29
919.924,-6.32,-4.2,-5.38,-1.64,2.93,-2.69
920.359,0.58,-3.5,-0.38,-0.14,-2.37,-0.79
920.793,6.38,6.5,2.72,2.46,4.03,5.81
921.228,-1.02,6.7,5.02,1.76,5.83,8.31
921.663,-7.02,-4.2,-1.38,-0.14,2.43,-0.89
922.097,2.58,-4.7,1.52,2.36,0.43,-0.99
922.532,-3.72,-3.1,0.42,-0.54,-3.47,-2.49
922.966,-3.12,0.5,-2.48,3.86,2.03,-3.89
923.4,-5.32,-2,-3.48,-1.84,1.13,-2.69
923.835,-0.32,-2.5,-1.88,-2.94,2.13,-1.69
924.269,0.98,7.5,-0.18,1.76,-2.37,-3.39
924.704,-4.72,4,-0.88,4.06,-0.97,4.61
925.138,-6.92,-6.7,-2.88,-1.84,0.13,-2.49
925.573,5.88,2.9,1.32,1.56,5.93,2.21
926.007,-2.72,-4.4,-2.18,-3.44,-4.97,-4.29
926.441,-5.42,7,-0.08,2.16,-2.27,0.41
926.876,-11.22,-8.9,-6.18,-4.84,-0.97,-7.89
927.31,-4.22,-9.8,-7.18,-3.34,-5.67,-10.69
927.744,2.68,3.5,0.22,-0.84,-2.07,-4.59
928.178,-1.72,7.6,-2.78,2.56,-1.37,-0.09
928.613,-2.22,-1.5,-1.28,4.56,4.13,-1.59
929.047,-3.22,-3.1,-6.18,-2.04,-2.17,0.01
929.481,-2.02,-3.5,-0.48,-1.44,-5.47,1.41
929.915,0.68,5.5,2.02,2.66,-1.67,1.11
930.35,0.18,-6.9,-2.78,-0.84,0.83,-3.09
930.784,-3.92,-4.1,-3.78,1.16,-0.27,-7.39
931.218,-0.92,0.9,-0.28,-7.04,-1.67,-5.39
931.652,-0.02,2.7,-0.48,1.16,1.63,-0.49
932.086,-2.12,-0.7,-2.48,6.16,3.73,-2.69
932.52,-4.52,-3.7,-4.58,-1.94,1.03,-1.29
932.954,0.38,-0.1,-0.28,0.56,2.93,1.21
933.388,-0.22,6.5,2.22,3.16,0.73,1.31
933.822,-4.02,1.3,-3.98,2.96,3.23,-2.69
934.256,-1.62,-3.9,-2.78,-2.64,2.03,-6.49
934.69,-4.52,-9.4,-8.98,-10.64,-7.37,-6.49
935.124,-0.22,2.5,-3.08,-2.54,-2.87,-0.49
935.558,1.98,0.1,3.12,5.66,1.63,3.31
935.992,-2.92,-7.5,-3.58,-2.04,-1.97,-6.69
936.426,-6.52,-3.3,-6.38,-8.04,-4.47,-2.69
936.86,-1.42,5.8,-4.08,-2.34,-4.67,-0.39
937.294,-1.22,3.5,-2.08,6.46,5.03,1.01
937.728,-3.82,-4.8,0.72,5.36,2.03,-1.09
938.162,-4.12,-4.9,-2.68,-7.34,-6.97,-6.09
938.596,-1.72,5.7,-2.98,0.36,-2.57,0.51
939.029,1.08,2.3,2.72,1.66,6.23,3.41
939.463,-1.22,-11.1,0.32,-0.84,-0.87,-6.19
939.897,-0.82,-4.5,-3.98,-6.24,1.73,-4.99
940.331,-1.12,-1.8,-2.08,0.26,-3.37,-2.99
940.765,1.48,6.2,3.32,7.46,2.53,3.41
941.198,-6.32,-12.7,-1.58,5.36,-2.87,-7.49
941.632,-7.52,-10.1,-4.38,-3.74,-3.67,-7.39
942.066,-5.92,0.8,-1.38,-3.84,-3.37,-2.89
942.499,2.38,6.7,-1.48,-0.34,6.33,0.11
942.933,-5.42,-1.5,-2.98,-2.14,3.23,-7.19
943.367,-2.42,-3.4,-0.58,-0.04,-1.57,-2.49
943.8,-2.72,0.6,-0.98,1.36,1.03,2.21
944.234,2.18,6.6,3.72,3.16,3.43,4.31
944.668,-8.02,-6.4,-2.48,-5.64,-2.57,-5.49
945.101,-0.72,-1,-2.68,-0.54,-0.97,-6.19
945.535,0.38,-1.4,-2.58,-4.34,-5.87,-2.49
945.968,1.48,1,0.32,3.76,1.13,2.01
946.402,5.28,0.8,0.12,11.16,9.63,2.41
946.835,7.18,-2.1,2.42,0.76,0.93,-0.49
947.269,0.48,-1.2,0.82,-5.24,-6.57,1.21
947.702,-6.82,-1,-1.68,-2.84,-0.97,0.11
948.136,-4.12,-7.3,-5.58,2.36,-3.87,-7.19
948.569,-5.52,-6,-0.08,-1.74,-1.47,-3.49
949.003,-5.42,-5.2,-5.48,-5.94,-4.27,-4.79
949.436,-4.82,0.4,-1.38,-2.84,-1.67,0.81
949.869,-7.12,-4.8,-5.18,-4.14,-0.97,-5.89
950.303,-4.42,-5.4,3.82,3.76,-2.97,-0.89
950.736,-5.92,-5.5,-8.58,-12.24,-9.47,-5.49
951.17,-0.32,0.6,-3.08,-1.44,-0.37,-1.49
951.603,-2.22,3.8,0.82,3.76,2.73,1.91
952.036,2.78,-1.7,2.22,2.66,0.83,-2.79
952.469,-0.52,-1.6,0.32,-2.74,-4.67,-2.19
952.903,-3.82,5.1,0.22,-0.14,-2.77,1.31
953.336,-2.62,3.3,2.62,1.46,3.33,-2.59
953.769,5.98,3,6.92,6.86,1.83,0.21
954.202,-5.42,-7.8,-6.98,-6.14,-7.77,-6.09
954.636,1.98,2,4.32,3.56,1.63,2.01
955.069,1.18,0.1,-1.28,4.16,1.33,-1.69
955.502,-3.62,-3.9,-6.28,-2.74,-4.07,-6.19
955.935,-5.62,-5.9,-3.48,-4.34,-4.57,-3.39
956.368,1.68,1.8,1.42,-4.44,-3.07,1.01
956.801,-5.32,-0.1,-1.58,-2.64,2.13,-4.39
957.234,-3.02,-5.9,-1.28,1.36,-2.07,-7.49
957.668,-2.72,-4.6,-4.78,-5.24,-5.37,-2.79
958.101,-7.92,-3.8,-6.18,-8.24,-4.37,-8.29
958.534,-0.92,8.9,1.72,1.06,4.13,-3.59
958.967,-5.02,-2.3,-0.98,2.56,0.13,-2.19
959.4,-2.32,-1.8,-4.28,-1.14,-0.47,-0.99
959.833,-5.42,0.4,-2.68,-4.94,-4.07,-1.29
960.266,-2.22,2.9,1.32,3.46,4.73,-0.89
960.699,-2.22,-3,-3.48,1.46,-1.77,-8.69
961.132,-5.22,-5.6,-3.28,0.46,-5.27,-1.19
961.565,-3.02,-1.4,-3.08,1.06,-7.27,0.41
961.997,-4.72,1,-3.98,3.56,2.03,-3.69
962.43,4.98,-1.7,-0.58,-0.04,3.93,-4.29
962.863,-5.22,-5.6,-2.58,-4.64,-5.87,-3.49
963.296,3.88,-3.5,-2.98,-3.14,-0.17,2.31
963.729,-1.62,0.5,2.62,-1.34,2.83,1.61
964.162,-6.82,-5.1,-6.18,1.36,-1.77,-6.59
964.595,-8.92,-10,-4.18,-2.04,-6.97,-7.29
965.027,-2.42,-6.9,-3.28,-7.14,-4.97,-6.09
965.46,-6.02,1.9,0.12,2.46,-2.27,-0.09
965.893,-6.42,-4.5,-1.08,-2.54,3.83,-5.59
966.326,-1.92,-6,5.22,3.76,0.73,3.21
966.758,-4.12,-2.7,-2.38,-3.74,-11.97,-1.69
967.191,3.18,5.8,0.82,2.16,1.93,1.81
967.624,-2.02,-0.2,-1.88,3.56,4.13,-3.69
968.056,-5.62,-5.9,-5.98,1.56,-5.17,-4.19
968.489,2.58,2.3,-2.48,0.96,-5.07,-1.89
968.922,-0.32,-0.9,-0.98,-2.94,1.43,-5.09
969.354,-0.42,2.7,0.72,1.86,3.53,-2.89
969.787,1.58,-0.5,-4.98,1.76,1.03,-2.69
970.22,2.38,-0.2,-3.18,-0.44,-2.37,2.51
970.652,-5.62,1.7,-4.38,-2.04,-3.07,-6.49
971.085,-4.32,6.7,1.42,2.56,1.63,-1.09
971.517,3.68,-1.2,-2.58,3.26,1.53,-0.09
971.95,2.18,-7.1,-3.88,-5.74,-4.47,0.01
972.382,-1.62,-0.7,-2.68,0.06,-1.37,-0.69
972.815,2.18,9.4,7.62,8.76,6.53,-3.69
973.247,-3.32,-6.9,0.72,-0.94,-3.27,-6.19
973.68,-2.22,-0.5,-2.18,-1.44,-4.37,-0.79
974.112,-2.02,-2.4,-2.48,-2.34,-2.27,-3.59
974.545,5.88,0.8,0.12,2.16,3.63,-1.89
974.977,-0.42,-6.7,-5.48,0.26,-3.27,-1.69
975.409,-6.72,-10.6,-8.08,-4.64,-3.37,0.41
975.842,-4.92,-0.1,-3.68,-2.44,-2.67,-3.39
976.274,-3.72,4.7,-0.58,-0.94,1.03,-6.89
976.707,2.18,0.5,3.42,4.06,5.73,-0.19
977.139,-2.52,-0.4,0.32,-2.34,-4.17,2.71
977.571,-0.32,-0.3,-2.08,-3.14,5.03,0.31
978.003,-3.22,2.9,-3.48,-0.84,-0.97,-2.29
978.436,-2.12,2.3,-3.48,2.26,2.33,-4.19
978.868,0.48,-5.9,-1.18,-3.84,-4.17,3.61
979.3,-1.42,-2.7,-3.08,-0.74,-0.47,0.91
979.732,-1.42,0.5,-0.18,1.06,-0.27,-7.09
980.165,-1.52,0.6,-0.48,7.26,-4.47,-0.99
980.597,2.68,-2.7,3.32,1.16,-1.27,1.91
981.029,0.48,-0.4,2.22,-3.24,-1.57,-0.09
981.461,-3.52,3.8,5.62,-0.04,5.23,0.71
981.893,1.28,4.2,0.72,2.36,0.63,0.61
982.325,-4.12,-9,-7.38,-1.74,-3.67,-1.99
982.758,-1.42,1.2,-1.48,-4.34,-4.47,-2.49
983.19,-4.92,-0.3,-4.68,-3.24,-0.07,-3.99
983.622,-2.92,-4,-1.58,4.36,-1.17,-2.09
984.054,-2.42,-3.5,2.92,0.16,-4.87,-1.99
984.486,4.08,3.7,4.22,0.56,7.83,4.51
984.918,2.68,4.1,4.72,-0.34,4.83,-2.69
985.35,1.48,0.9,2.02,3.96,3.33,-4.19
985.782,-1.32,-4.5,-2.78,1.06,-0.47,-0.89
986.214,4.18,-0.4,-0.88,-1.34,-4.47,-1.89
986.646,-4.02,-1,-2.88,1.86,-0.57,-3.49
987.078,-0.62,3.5,1.12,9.56,3.33,1.01
987.51,-5.32,-4.6,-2.68,-2.24,-5.17,-1.59
987.942,-3.22,-3.7,-3.48,-3.84,-3.07,-3.79
988.373,-2.82,1.1,1.02,-2.34,4.23,-4.29
988.805,0.38,2.3,-3.48,2.36,-2.67,-7.19
989.237,2.08,-2.7,-3.08,3.06,3.03,-2.59
989.669,1.78,-3.9,-2.38,-10.14,-0.47,-2.09
990.101,1.48,1.1,-6.78,-1.94,-1.47,-7.59
990.533,-7.12,-5.2,-5.28,-3.74,-1.27,-5.89
990.965,-1.62,-1,1.02,1.16,-3.57,-1.09
991.396,-4.22,-4.1,-5.88,-3.24,-3.47,-1.29
991.828,-3.52,-3,-8.78,-5.74,-0.67,-6.99
992.26,-1.92,3,-1.78,0.16,0.33,-2.29
992.692,-3.92,1,-2.98,1.46,0.73,-2.59
993.123,-0.22,-1.6,-1.28,-0.94,-1.17,2.71
993.555,0.18,-0.6,0.62,0.96,5.03,-1.39
993.987,-3.12,1.2,-1.48,1.66,2.33,-2.39
994.418,1.28,6,2.22,5.06,-1.17,0.71
994.85,-0.12,-1.4,2.72,4.96,-1.87,4.01
995.282,-4.62,0.1,-5.18,-6.84,-3.67,-8.69
995.713,-2.12,5.9,0.02,2.86,1.53,-3.79
996.145,2.28,0.7,0.92,9.96,-0.47,3.41
996.576,-1.02,-4,0.42,2.26,-3.17,-1.19
997.008,0.78,-4.3,-2.98,-4.94,-1.47,-2.39
997.44,-2.22,0.1,-1.08,1.46,-1.77,-5.09
997.871,4.98,6.7,-0.68,1.76,-1.17,1.71
998.303,-1.82,-7.5,-5.38,-2.34,-4.37,-0.39
998.734,0.18,-2.1,-2.28,-3.64,0.33,1.61
999.166,0.08,2.4,-1.38,-1.14,5.13,-6.89
999.597,2.18,6,-1.68,4.36,3.23,3.01
1000.029,-1.22,-6,-3.38,-1.54,-6.47,-6.49
1000.46,-2.12,0.3,3.42,0.86,5.13,0.61
1000.891,2.68,7.9,0.42,1.86,4.63,-1.79
1001.323,4.68,4.1,3.42,3.86,0.83,-2.49
1001.754,-1.82,-2,-0.08,3.16,-1.07,-1.49
1002.186,-3.72,-7.1,-3.38,-2.94,-0.97,-1.49
1002.617,2.38,3.5,1.62,3.66,2.43,-3.29
1003.048,2.88,4.7,5.82,8.06,6.23,0.31
1003.48,-1.92,-8.3,-2.18,3.56,-3.87,-3.09
1003.911,-2.42,-4.2,-0.08,-1.34,-0.77,-3.49
1004.342,-1.72,1.8,0.92,-1.24,0.13,-2.99
1004.774,3.18,4.7,2.72,3.46,3.23,2.01
1005.205,-4.32,-5,-2.58,0.16,-7.67,-3.39
1005.636,-3.12,-6,-5.08,-4.24,-3.87,-6.59
1006.067,0.78,2.4,0.22,-2.14,1.93,-0.49
1006.498,-1.12,6,-1.58,1.66,-1.37,-3.49
1006.93,1.58,-5.8,-0.38,-1.74,-8.57,-4.09
1007.361,2.18,-1.6,0.92,4.16,0.73,1.21
1007.792,0.88,-5.5,0.02,-2.14,-1.97,-1.29
1008.223,-1.52,-0.6,-1.08,-2.24,-2.57,-1.49
1008.654,-2.12,1,2.52,1.86,1.53,1.61
1009.085,1.68,-6.8,-2.68,-7.54,-6.57,1.21
1009.517,-3.42,-3.5,-2.78,-2.84,1.43,-5.29
1009.948,-5.52,0.2,-1.88,1.46,0.93,-3.09
1010.379,-0.22,-2.4,1.52,0.96,-1.57,1.71
1010.81,-2.92,-6.6,-4.78,-9.64,-2.47,-1.69
1011.241,-5.22,-6.5,-8.68,-5.64,-1.07,-10.19
1011.672,2.08,5.7,3.02,0.06,4.53,1.11
1012.103,-3.72,-3.5,-4.18,-0.64,0.73,-3.29
1012.534,-1.62,-4.9,-4.98,0.06,-7.07,-4.59
1012.965,-3.22,0.8,0.32,0.36,1.93,-4.09
1013.396,-3.12,0.3,-0.58,-2.04,1.93,-1.99
1013.827,1.28,4.3,-0.58,7.16,-0.07,4.71
1014.258,1.78,-4.2,-1.58,2.06,-0.97,2.01
1014.689,-6.12,-7.3,-6.78,-9.74,-3.27,-4.29
1015.12,-2.82,4.3,-2.18,0.66,-0.97,-2.59
1015.55,-3.92,-1,-3.18,1.26,-5.77,-2.49
1015.981,-4.92,-6.4,-5.08,-2.34,-4.17,-3.69
1016.412,-2.12,-0.5,-1.88,-3.74,-5.37,-5.09
1016.843,0.58,3.1,1.22,-3.04,-1.97,-1.99
1017.274,0.28,4.2,-1.28,1.06,-1.47,-1.19
1017.705,-7.02,-13.6,-5.38,-5.64,-6.47,-5.79
1018.135,1.28,-4.9,-2.88,-4.64,1.23,-2.69
1018.566,1.98,3.1,-2.08,6.46,3.73,-1.59
1018.997,-0.62,2.1,-4.28,4.06,-2.27,0.51
1019.428,-0.02,-4.5,-4.38,-0.64,-1.17,-4.49
1019.858,0.68,-6.5,-2.48,-5.84,-1.67,-3.99
1020.289,-4.02,-3.6,-6.68,-7.14,-6.67,-5.79
1020.72,-9.02,0.9,-3.38,-3.34,-1.17,-1.29
1021.15,1.38,0.5,0.72,1.86,-2.47,0.81
1021.581,-5.22,-4.8,-5.08,-5.44,0.23,-4.79
1022.012,-2.52,3.2,3.12,2.66,2.13,2.71
1022.442,1.38,6.6,5.12,6.96,3.13,0.51
1022.873,1.48,0.6,-1.68,1.26,2.83,0.51
1023.304,5.58,-1.6,6.22,3.56,4.83,1.31
1023.734,3.88,3.5,2.62,1.36,7.63,0.31
1024.165,-2.42,2.5,0.42,2.36,-4.37,2.51
1024.595,2.88,-2.1,-5.68,1.16,-5.07,2.01
1025.026,-0.52,-1.1,-6.28,-2.14,-0.77,-1.79
1025.456,1.88,-2.1,-2.38,2.86,2.33,-4.09
1025.887,1.08,5.8,-3.68,4.76,3.33,4.71
1026.317,2.38,3.6,0.52,-0.34,0.73,-0.69
1026.748,3.08,-0.8,-0.48,-0.94,4.13,1.01
1027.178,4.48,2.5,3.22,5.56,10.83,1.01
1027.609,-0.42,0.2,-5.88,2.56,-2.07,-2.49
1028.039,-5.92,-4.2,-4.08,-2.14,-6.67,-2.39
1028.47,-4.12,-2.2,0.62,-2.04,-1.37,-3.09
1028.9,2.58,-2.3,-1.28,-3.14,-1.97,-3.59
1029.331,-2.82,3.2,-3.08,-1.84,1.83,-0.19
1029.761,6.88,4.8,6.12,6.36,1.53,2.91
1030.191,0.78,-8.9,-5.78,-1.94,-1.17,-5.09
1030.622,-0.52,-2,0.92,0.56,3.13,-4.49
1031.052,-5.12,-1.6,-4.88,-4.64,-4.67,-7.29
1031.482,2.58,5.4,0.52,3.26,-3.67,-3.69
1031.913,-6.92,-11.5,-8.28,-3.04,-10.07,-8.99
1032.343,0.68,-0.6,2.32,1.56,3.23,-5.59
1032.773,3.88,-1,-1.88,0.36,-4.27,-5.59
1033.203,-1.02,1.4,0.72,4.36,1.93,4.11
1033.634,-3.52,-8.3,-3.98,1.76,3.23,-1.99
1034.064,-2.02,-7.6,-5.68,-2.44,-1.87,-5.79
1034.494,-1.12,2.6,3.62,2.46,0.93,2.01
1034.924,1.18,5.8,1.42,4.16,1.33,0.41
1035.354,1.38,-2.4,0.12,3.06,-3.47,-4.19
1035.784,1.78,-2,-1.28,1.46,1.23,0.71
1036.215,-0.62,-0.7,-0.38,0.26,-2.27,-2.19
1036.645,-7.12,-1,-3.98,1.96,-3.47,-2.99
1037.075,-1.72,-2.5,-2.58,-2.34,-1.17,-5.79
1037.505,-5.92,-6.7,-10.78,-6.64,-4.27,-9.19
1037.935,-4.42,-3.1,-3.78,-1.44,-0.07,-5.09
1038.365,-5.72,-1.1,-3.48,-0.34,-4.07,-1.19
1038.795,1.28,3.1,4.72,2.46,4.93,4.61
1039.225,-0.82,-6,-5.28,-1.84,0.43,-10.39
1039.655,-2.42,-2.8,-1.18,-2.04,0.93,-0.59
1040.085,-1.22,5.9,0.92,7.56,3.83,2.61
1040.515,-5.72,-9.3,-8.78,-1.94,-5.17,-4.19
1040.945,3.28,-6.7,-1.18,-5.04,-0.37,-0.89
1041.375,-6.82,-7.5,-10.88,-3.04,-2.87,-7.59
1041.805,-0.42,1.9,-0.78,-0.84,-3.97,1.51
1042.235,0.28,1.7,-4.68,-1.04,-3.17,2.11
1042.665,-4.02,-7.8,-7.08,-6.14,-4.67,-6.29
1043.095,-0.12,-4.3,-2.98,-0.74,1.73,-5.99
1043.525,-3.02,4.3,-1.08,0.76,-4.97,-3.99
1043.955,-9.92,-5,-2.28,-1.04,-9.37,-2.09
1044.384,-4.82,-5,-7.78,-6.54,-4.67,-11.69
1044.814,5.28,-3.1,0.72,1.96,1.93,-2.19
1045.244,-3.82,4.5,1.92,2.26,2.43,2.81
1045.674,-4.82,-2.7,-5.18,-0.94,-4.77,-0.49
1046.104,-5.72,-9.4,-2.18,-4.34,-2.67,-6.49
1046.534,2.88,-3,-1.78,-2.84,0.93,2.21
1046.963,0.08,3.9,-2.38,0.36,-2.57,0.21
1047.393,0.58,6,4.92,7.66,-1.67,5.71
1047.823,-1.72,-5,4.72,1.16,1.63,1.81
1048.252,-0.42,-0.6,2.12,1.16,3.23,-4.29
1048.682,-2.02,0.4,1.32,-1.24,-3.07,-0.09
1049.112,-2.42,2.7,0.92,4.66,-2.27,-2.19
1049.542,7.58,1.9,-0.88,2.76,2.23,0.61
1049.971,-4.72,-3.8,-0.88,-1.84,-3.77,-2.79
1050.401,1.88,1.9,1.92,3.66,1.43,2.91
1050.831,-3.12,-1,-0.48,1.36,-1.37,3.01
1051.26,-0.72,-3.2,-3.68,1.96,0.13,-4.09
1051.69,0.38,-5.1,-0.38,-2.84,2.03,-3.99
1052.119,1.28,-1.1,0.52,2.16,-0.27,-4.29
1052.549,3.38,7.3,0.82,1.26,-4.07,0.71
1052.978,2.58,-2.5,-1.18,5.56,1.83,3.91
1053.408,-1.22,-4,4.12,0.06,3.63,-0.99
1053.838,1.48,-0.7,-1.38,4.46,2.73,-2.69
1054.267,-1.32,5.8,-1.38,3.86,-1.07,-3.19
1054.697,2.48,-0.5,-1.38,0.96,3.13,0.21
1055.126,-1.92,-6,-0.18,1.26,1.73,-3.89
1055.555,4.38,4.8,1.82,0.66,3.63,-2.39
1055.985,4.38,5,0.72,6.06,-0.77,3.51
1056.414,0.58,2.3,-8.88,-1.24,-2.07,-2.99
1056.844,-2.52,-3.4,-4.68,-4.04,1.03,-4.59
1057.273,-0.62,-5.9,-2.18,-0.84,1.33,-4.39
1057.703,-4.32,3.5,0.12,-0.54,-7.27,-0.59
1058.132,-1.22,1.3,-3.48,1.26,-2.67,-3.29
1058.561,-7.42,-5.2,-5.58,-5.24,-1.97,-10.49
1058.991,-6.22,-7.5,-12.98,-11.04,-8.87,-8.19
1059.42,-1.92,-1.6,1.72,-0.64,-9.07,-0.29
1059.849,-1.12,3.8,1.42,4.56,-0.27,3.61
1060.279,-3.72,-6.9,-4.08,-3.94,-0.07,-6.69
1060.708,-6.22,-3.6,-1.28,-1.84,-0.17,-3.49
1061.137,-2.72,-1.1,-1.08,3.26,-4.27,3.41
1061.566,-1.72,1.4,-2.88,4.56,1.13,4.01
1061.996,-2.92,-3.8,-2.38,-2.54,-1.37,-7.09
1062.425,-4.92,-2,-1.98,-1.74,4.73,0.11
1062.854,-2.52,-3.2,-4.38,-2.74,-8.27,-2.79
1063.283,-0.82,1.7,-2.28,6.36,-1.47,-4.19
1063.713,-2.12,-3.7,1.72,-0.14,3.23,-2.89
1064.142,0.08,-0.4,4.22,3.56,-0.97,-0.89
1064.571,-0.32,2.9,0.02,1.66,0.53,-2.59
1065,-4.32,5.7,-2.28,4.46,-2.27,0.61
1065.429,-2.82,-5.2,0.22,-1.44,-0.27,-6.09
1065.858,-1.12,-0.9,4.82,-0.84,2.93,2.21
1066.287,-0.02,-5.9,-3.68,0.96,-5.77,-1.19
1066.716,-3.62,4,-0.18,0.66,-4.87,0.81
1067.146,1.48,0,2.12,-1.34,1.63,2.81
1067.575,0.38,-4,6.02,-2.54,-0.27,-1.49
1068.004,-1.02,1,-1.18,-2.74,-4.27,-6.19
1068.433,1.18,3.8,0.82,-2.54,-6.87,-6.09
1068.862,-4.82,-0.1,-2.28,-1.54,2.33,-2.29
1069.291,2.48,0.2,-0.38,-2.34,-0.97,-2.99
1069.72,2.38,-0.8,-1.28,-1.04,-6.17,-0.09
1070.149,1.28,6.9,2.82,6.76,1.93,5.71
1070.578,-3.52,1.7,1.32,-4.64,2.13,3.61
1071.007,-1.92,-2.9,-0.68,-0.54,0.23,-4.99
1071.435,-9.22,-7.5,-4.78,-5.84,-5.87,-6.29
1071.864,-6.82,2.7,-3.58,-3.54,-4.67,-1.29
1072.293,-0.52,-0.2,4.42,3.26,4.03,0.81
1072.722,-6.22,-9.5,-2.18,-6.94,-0.97,-7.49
1073.151,-1.52,-2,-5.88,2.36,-6.97,-1.29
1073.58,-4.02,-0.3,-2.08,-0.94,-5.67,0.81
1074.009,-1.02,1.9,-0.58,-2.54,0.63,-3.19
1074.438,3.08,-5.5,0.32,-5.74,0.63,-1.39
1074.866,-0.72,-8.2,-6.48,-5.24,-1.27,-4.49
1075.295,-0.12,-0.3,-2.48,1.96,-4.87,-1.69
1075.724,-3.42,1.1,0.02,3.26,-0.47,-1.99
1076.153,-4.52,-6.9,-0.08,-5.44,0.23,-1.99
1076.581,-5.62,-9.9,-6.28,-4.94,-7.57,-2.09
1077.01,-4.22,-3.2,-3.68,-1.74,-8.37,0.41
1077.439,-0.22,1.7,-0.68,7.16,0.73,-1.09
1077.868,-3.52,-4,-5.08,0.26,0.33,1.51
1078.296,-4.92,-6.4,-2.28,-6.24,-1.67,-3.99
1078.725,-0.02,6.7,7.02,5.16,-1.97,2.41
1079.154,0.08,1.5,-4.98,5.76,-0.07,3.01
1079.582,8.68,1.2,3.12,4.36,3.73,1.81
1080.011,-1.12,-1.7,-1.78,1.36,-1.17,0.91
1080.44,-1.92,6,-0.18,1.46,-2.87,0.41
1080.868,-6.12,3.6,-4.08,-4.04,-1.87,-5.49
1081.297,-5.62,-4.7,-3.18,-0.84,-3.27,-2.89
1081.725,-5.42,-9.9,-6.18,-4.24,-4.97,-3.39
1082.154,-5.12,-5,-8.48,-4.04,-4.37,-4.59
1082.583,-3.22,1.8,-1.18,1.36,-4.47,-3.49
1083.011,3.48,1.8,-1.38,1.46,6.53,-1.59
1083.44,4.38,-2.4,-1.88,-0.84,4.53,1.71
1083.868,0.58,-4.1,1.42,2.66,-4.77,-0.69
1084.297,-2.82,3,-3.68,-1.64,-6.07,-4.09
1084.725,-3.62,-3.8,1.32,-1.94,2.83,-3.79
1085.154,-2.12,-2,-3.58,-6.24,1.73,-4.79
1085.582,-2.42,-2.3,-0.98,2.06,-3.37,-2.79
1086.011,1.68,1.1,-3.88,3.76,-1.67,-1.29
1086.439,-4.52,1.1,1.72,-3.24,-0.97,-2.69
1086.867,-3.72,-4.1,-2.98,-3.34,-1.77,-0.79
1087.296,-3.72,-6.9,0.82,-1.24,-2.37,-0.69
1087.724,-2.92,-0.9,-4.08,-2.14,-3.87,-3.19
1088.153,-4.62,0.1,-4.78,-1.24,-0.17,-6.79
1088.581,1.58,-2.6,-1.28,-1.04,3.63,-1.99
1089.009,-3.72,-4,3.22,0.96,-3.17,1.91
1089.438,-2.82,-1.6,-2.48,1.56,2.03,-2.69
1089.866,0.38,5.3,3.62,-0.84,6.33,-2.39
1090.294,-2.82,-0.1,-0.48,0.86,4.03,-3.39
1090.723,-5.12,-7.1,-8.08,-7.34,-6.57,-4.89
1091.151,-3.02,0,-2.18,-1.54,-7.17,-2.69
1091.579,-6.92,2.6,-0.58,2.26,0.73,-1.29
1092.007,1.98,-5.7,-2.38,-0.24,3.03,-1.89
1092.436,0.88,-2.9,1.22,3.06,-1.57,-0.59
1092.864,-2.72,4.4,-2.28,2.76,-0.47,-2.99
1093.292,-5.02,0.2,-4.38,-0.54,-1.67,-10.09
1093.72,-2.72,-5.4,-1.98,-4.04,0.83,-1.89
1094.148,-4.82,-6.9,0.02,-0.04,-2.37,-4.19
1094.576,-0.52,2.9,1.12,4.66,-4.87,1.21
1095.005,4.88,11.5,2.72,11.76,9.53,1.01
1095.433,-0.52,3.6,0.92,-2.54,3.83,-2.89
1095.861,1.98,-0.9,1.62,-0.84,-4.07,2.51
1096.289,-7.22,0.9,-1.88,0.96,-6.37,-4.99
1096.717,3.58,5.8,3.52,6.26,0.03,3.01
1097.145,-1.72,1.2,-1.18,0.86,7.13,-1.69
1097.573,-8.82,-7,-7.48,-2.34,-2.87,-5.79
1098.001,2.38,6.1,3.02,0.36,-0.47,-1.19
1098.429,1.08,9.1,1.62,2.86,0.43,-2.09
1098.857,2.38,0.1,-1.08,-1.34,1.43,1.21
1099.285,-5.52,-6.1,-5.68,-7.14,-6.17,-2.39
1099.713,-2.62,-1.8,-9.48,-2.94,-6.77,-3.19
1100.141,-3.72,1.1,-2.38,1.76,3.43,-3.99
1100.569,-4.42,2.8,-7.68,-4.84,1.53,-5.29
1100.997,-0.02,-0.3,-1.38,-4.44,-1.47,0.81
1101.425,0.28,0.7,-0.48,-0.34,-4.57,2.21
1101.853,-0.82,6.2,0.12,0.46,4.43,-2.89
1102.281,5.38,5,1.52,0.66,2.43,-0.49
1102.709,-9.12,-8.7,-1.98,-5.94,-5.17,-5.89
1103.137,3.08,-4.2,-0.48,-1.04,-4.57,0.81
1103.565,1.98,5.4,2.82,3.56,0.83,1.71
1103.993,1.08,-0.6,2.92,-4.24,4.53,2.31
1104.421,1.18,-6,-1.88,-3.94,1.73,0.41
1104.848,-0.32,-0.9,-0.18,1.06,-2.07,2.71
1105.276,1.48,3.9,0.72,7.16,5.03,-2.69
1105.704,4.08,3.5,4.42,1.16,4.33,-3.49
1106.132,-3.32,-3.1,0.12,-2.34,0.23,-0.29
1106.56,1.78,-5.7,-2.18,-4.04,-2.07,-2.69
